:020000040800F2
:10400000D836002019410008C5A10008ED9300082A
:1040100091A10008854D000889BE0008000000003D
:1040200000000000000000000000000091AA00084D
:104030009D5E00080000000039A5000855BB00087F
:104040003341000833410008334100083341000880
:104050003341000833410008334100083341000870
:104060003341000833410008334100083341000860
:104070003341000833410008334100083341000850
:104080003341000833410008334100083341000840
:104090003341000833410008334100083341000830
:1040A0003341000833410008334100083341000820
:1040B000DDBB000809BC000833410008334100089B
:1040C0003341000833410008334100083341000800
:1040D00033410008D5BC00083341000805BD000885
:1040E000C1630008334100083341000800000000AC
:1040F00000000000000000000000000000000000C0
:1041000033410008DFF80CD000F0DAFB004800472C
:10411000DDD00008D8360020064880470648004712
:10412000FEE7FEE7FEE7FEE7FEE7FEE7FEE7FEE767
:10413000FEE7FEE759BB000805410008014610B53F
:1041400009683C22B1FBF2F302FB1313B1FBF2F15D
:104150001D480360B1FBF2F302FB1313B1FBF2F154
:1041600018224360B1FBF2F302FB1313B1FBF2F12F
:1041700083600A1D0723B2FBF3F403FB1422826160
:104180008A0040F2B55102F66C32B2FBF1F34433CF
:104190004361B2FBF1F301FB13218908C1613B29A3
:1041A00003D3027D920700D0491C0022074C13461E
:1041B0000261E25C8A4203D8891A5B1C0361F8E75A
:1041C000491CC16010BD0000AC16002073E500085A
:1041D00040EA01039B0703D009E008C9121F08C089
:1041E000042AFAD203E011F8013B00F8013B521E09
:1041F000F9D27047D2B201E000F8012B491EFBD280
:1042000070470022F6E710B513460A4604461946E1
:10421000FFF7F0FF204610BD421C10F8011B0029DB
:10422000FBD1801A704780EA010210B502F000430A
:10423000400022D04A001FD0010E01EB1261C0F3F2
:104240005600C2F3560240F4000042F40002A0FB04
:10425000022000047F39140400D0401C50EA1240B0
:1042600001D44000491EC2B20C0604EBD010401C21
:104270004008802A02D003E0002010BD20F0010099
:10428000002900DA0020184310BD30B480EA010292
:1042900002F0004530F0004221F0004013D090B110
:1042A000C30DD40DC2F31601C0F31600E41A41F495
:1042B000000140F400027D34914201D3641C00E00F
:1042C0004900002C02DA30BC002070474FF4000097
:1042D0000023914201D3891A034340084FEA410168
:1042E000F7D151B1914202D14FF0004105E002D225
:1042F0004FF0010101E06FF0010103EBC4502844CD
:1043000030BC00F072B92DE9FE4F81EA030404F0DD
:10431000004421F0004100944FF0000B23F00043D3
:1043200050EA01045ED052EA03045BD0C3F30A549E
:10433000C1F30A552C44A4F2F3340194A0FB0254B7
:10434000C1F3130141F48011C3F3130343F4801349
:1043500001FB024400FB034E840A970A44EA81549D
:1043600047EA8357A4FB076802958D0A05FB07857A
:104370004FEA932C04FB0C542705029D4FEA065884
:1043800047EA1637B5EB08056EEB070C870E920E61
:1043900047EA811742EA8312A7FB0201B6EB0B0141
:1043A00064EB00042B0D43EA0C335E1844EB1C5005
:1043B000DA465146E7FB0201C5F313044FEA0B331B
:1043C00043EA14534FEA0432019C43EA0603A4F182
:1043D0000C040294009CCDE900B400F04CF903B049
:1043E000BDE8F08F00200146F9E72DE9F04D81EAA4
:1043F000030404F0004B21F0004514464FF0000A7E
:1044000023F0004150EA050220D054EA01021DD0F9
:10441000C5F30A570246C5F31303C1F31300C1F3F2
:104420000A5640F4801543F48013A7EB0608101BCE
:10443000D64608F2FD3873EB050002D308F10108F7
:1044400001E092185B41B8F1000F03DA0020014649
:10445000BDE8F08D00204FF48011064684460EE042
:10446000171B73EB050705D3121B63EB050306430C
:104470004CEA010C49084FEA300092185B4150EABF
:104480000107EDD152EA030012D082EA040083EA68
:104490000501084305D0101BAB4106D201220023C1
:1044A00006E000224FF0004302E06FF001025310DB
:1044B0001AEB06004CEB085110EB0A0041EB0B0124
:1044C000BDE8F04D00F0C8B896230022114600F078
:1044D00095B80EB5C10F80EAE0700844CA07002104
:1044E00040F233438DE80E000A460B4600F0C3F855
:1044F00003B000BD0EB540F2334102910021CDE979
:1045000000110A460B4600F0B6F803B000BD20F0DB
:104510000040C10DC0F3160040F400007F2901DA0D
:1045200000207047962903DCC1F19601C84070470E
:1045300096398840704700F0004230F000400AD0C1
:10454000C10D01F56071C0F3160042EA0151C208C5
:1045500040071143704700200146704730B50B46B5
:10456000014600202022012409E021FA02F59D42A3
:1045700005D303FA02F5491B04FA02F52844151E77
:10458000A2F10102F1DC30BD2DE9F05F054600200B
:1045900092469B4688460646814640241BE02846B4
:1045A00041464746224600F0ACF953465A46C01AE7
:1045B000914110D311461846224600F093F92D1A66
:1045C00067EB01084F4622460120002100F08AF9DE
:1045D00017EB00094E41201EA4F10104DFDC484620
:1045E00031462A464346BDE8F09F0029A8BF7047E0
:1045F000401C490008BF20F00100704710B4B0FA19
:1046000080FC00FA0CF050EA010404BF10BC7047B3
:1046100049B1CCF1200421FA04F411FA0CF118BFCD
:10462000012121430843A3EB0C01CB1D4FEA00619C
:104630004FEA102042BF002010BC704700EBC3506F
:1046400010440029A4BF10BC7047401C490008BF9B
:1046500020F0010010BC704710B5141E73F1000467
:1046600008DA401C41F1000192185B411A4301D164
:1046700020F0010010BD2DE9F04D92469B4611B18E
:10468000B1FA81F202E0B0FA80F22032904600F0F6
:1046900029F904460F4640EA0A0041EA0B01534655
:1046A0005A46084313D0114653EA010019D0C8F105
:1046B0004002504600F025F905460E465046594640
:1046C000424600F00FF9084305D0012004E02046DF
:1046D0003946BDE8F08D0020054346EAE0762C43DC
:1046E00037430A986305E40AA0EB08000022FD0A9C
:1046F00044EA47540A3002D500200146E9E70105A3
:1047000010196941DDE9084500196941BDE8F04D1E
:10471000A2E72DE9FE4F804681EA0300C00F0C4658
:10472000009021F0004123F00045B8EB0200A941C0
:1047300005D24046214690461C460B46024623F0D1
:104740000040104347D0270DC7F30A00C3F30A51B6
:104750000290401A019040286BDAC3F3130040F432
:10476000801B0098924620B10023D2EB030A63EB32
:104770000B0B01985946C0F14002504600F0B2F8C8
:1047800006460D4650465946019A00F0CAF810EB0D
:1047900008006141002487EA115284EAE7731A4352
:1047A00040D0009A62B3019A012A4FEA075215DC01
:1047B000001B61EB02014FF0004202EA0752CDE913
:1047C0000042001C41F5801132462B46FFF753FF93
:1047D00003B0BDE8F08F40462146F9E7001B61EBCE
:1047E0000201001C41F5801300185B412018A2F55E
:1047F000001747EB030140EAD570B6196D4111E08F
:104800006D084FEA360645EAC0754FEA0752001BAD
:1048100061EB0201001C41F5801149084FEA3000AC
:104820000019514132462B4603B0BDE8F04FFFF767
:1048300013BF0098012240000023D0EB020263EB7B
:10484000E073009821464FEAE074B8EB000061EB9A
:104850000401E9E783F000435BE781F0004158E79A
:10486000C1F30A52C1F3130140F2FF3341F4801146
:104870009A4202DA00200146704740F233439A42DE
:10488000A2F2334202DC524200F03BB800F02AB8F8
:1048900030B5041E71F1000404DB4FF000444042C7
:1048A00064EB0101141E73F1000405DB1C464FF09C
:1048B0000043524263EB0403994208BF904230BD6B
:1048C000064C074D06E0E06840F0010394E807005D
:1048D00098471034AC42F6D3FFF718FC80E5000887
:1048E000A0E50008202A04DB203A00FA02F10020AB
:1048F00070479140C2F1200320FA03F3194390401E
:104900007047202A04DB203A21FA02F00021704788
:1049100021FA02F3D040C2F1200291400843194627
:104920007047202A06DBCB17203A41FA02F043EA0F
:10493000E07306E041FA02F3D040C2F12002914058
:1049400008431946704730B58C1810F8012B12F047
:104950000F0301D110F8013B120906D110F8012B09
:1049600003E010F8015B01F8015B5B1EF9D101E087
:1049700001F8013B521EFBD1A142E6D3002030BD1D
:1049800010B500243A480078C0F3800058B1394887
:10499000007840B13648007820F0040034490870AF
:1049A0000020344908703348007810B101285BD1E9
:1049B0000CE0002001F0A8FE2F48007801F0DEFE98
:1049C0002C480078401C2B4908704EE003F096F804
:1049D0000446092C45D2DFE804F03F051627314094
:1049E0004142430024480078012805DD2248007830
:1049F000401E2149087002E003201F490870002072
:104A00001C4908702EE01C480078032805DA1A4873
:104A10000078401C1849087002E00120164908700F
:104A20000020144908701DE0144815490860012051
:104A30001149087000200F49087013E00E480078F3
:104A40001049087010480E49086000200949087094
:104A500001200949087005E000BF00BF00BF00BF8A
:104A600000E000BF00BF00E000BF00BF10BD0000BD
:104A70000C0000204B0000204C000020CD9C0008C2
:104A80001C000020210000208D4A00082DE9F04183
:104A9000ADF5D26D00274FF40C710DF58C60FFF76A
:104AA000B0FB4FF40C718CA8FFF7ABFB4FF40C710B
:104AB0006846FFF7A6FB002400250026A046A44870
:104AC0000078C0F3800058B1A248007840B1A048F7
:104AD000007820F004009E49087000209D4908706D
:104AE0009C48007810B101284DD14DE000209A4932
:104AF00008809A4908809A4908809A4908809A490A
:104B000008709A49087001209949087099480178FD
:104B10009948007801F0AEFF022396480278964843
:104B200001780DF58C6002F00DFD04468A4803887B
:104B3000022221460DF58C6005F062F904238D48B0
:104B400002788D4801788CA802F0FCFC0546834869
:104B50000388042229468CA805F052F906238548CB
:104B6000027885480178684602F0ECFC06467C48ED
:104B7000038806223146684605F042F975480078F8
:104B8000401C74490870DEE002F0B8FF0746092FA8
:104B900030D2DFE807F02A05121F292B2C2D2E001A
:104BA00074480078012807DD72480078401E71497A
:104BB00008700020674908701DE06E4800780A28D8
:104BC00007DA6C480078401C6A4908700020614987
:104BD000087010E069486A49086000205D49087063
:104BE00001206449087006E005E000BF00BF00BF77
:104BF00000BF00E000BF00BF5C48007800287DD007
:104C000059480078401C58490870084600781E280A
:104C100075DB0020087050480088401C4E49088011
:104C20004E480088401C4D4908804D480088401C73
:104C30004B4908804FF40C710DF58C60FFF7E1FAD9
:104C40004FF40C718CA8FFF7DCFA4FF40C71684636
:104C5000FFF7D7FA022347480278474801780DF555
:104C60008C6002F06FFC04460423424802784248FC
:104C700001788CA802F066FC054606233D480278C0
:104C80003D480178684602F05DFC0646AC4201DB17
:104C9000204600E028468046B04501DB404600E063
:104CA00030468046802C01DD404600E02046044628
:104CB000802D01DD404600E028460546802E01DDBE
:104CC000404600E03046064623480088A04202DB0A
:104CD00000202149088021480088A84202DB0020EA
:104CE0001E4908801E480088B04202DB00201C4993
:104CF0000880194803880222214601E013E021E0E0
:104D00000DF58C6005F07CF81448038804222946D0
:104D10008CA805F075F812480388062231466846CB
:104D200005F06EF80EE00F480088401C0D49088021
:104D300008460088B0F57A7F04DB00200880012057
:104D40000A49087000BF00BF0DF5D26DBDE8F081C3
:104D50000C0000203E000020400000204200002007
:104D600044000020480000204A00002046000020A7
:104D7000200000203F000020210000208149000881
:104D80001C00002000BFFEE710B54FF48053032243
:104D90000421294808F0FCF80C21012008F0ACF8A7
:104DA00001220021100307F0AFFE4FF4805007F0FE
:104DB00009FF4FF40053032204211F4808F0E8F8CC
:104DC0000D21012008F098F801220021500307F07E
:104DD0009BFE4FF4005007F0F5FE4FF48043032292
:104DE0000421154808F0D4F80E21012008F084F8B9
:104DF00001220021900307F087FE4FF4804007F066
:104E0000E1FE4FF40043032204210B4808F0C0F8F0
:104E10000F21012008F070F801220021D00307F0D3
:104E200073FE4FF4004007F0CDFE00220121282040
:104E300008F01AFA10BD0000000C014010B504F093
:104E4000F7FC04F00DFC04F097FB04F07DFC124825
:104E50000078E0B911480068401C10490860084615
:104E600000680F49884215D300200C4908600D489E
:104E700000680D4988420DD00C48007820F00400ED
:104E8000001D0A49087008480649086002E0002031
:104E90000249086010BD00003E03002058030020B6
:104EA000E09304001C0000201D9F00080C0000205F
:104EB00010B502460B460020002100BF03E0545C01
:104EC00020444C1CA1B29942F9DB10BD0448807803
:104ED00020F00100024988700020487070470000EF
:104EE000581000200348807820F00100401C014940
:104EF000887070475810002010B5002417480078BB
:104F000010B1012827D10CE005F0C3FD08F08CF9A1
:104F100001201349487011480078401C0F4908705F
:104F20001AE005F0E1FA0446012C0CD10C48007897
:104F300020F00100401C0A49087000200749087051
:104F4000FFF7C4FF06E0022C04D1002003490870DB
:104F5000FFF7BCFF00E000BF00BF10BDAE020020A5
:104F60005810002070B5002401251B48007810B1AE
:104F700001282ED10CE005F053FE08F055F906206B
:104F80001649487014480078401C1349087021E005
:104F900005F0AAFA0446012C13D11148691C415CA2
:104FA000405D01EB00200D4988800846007820F024
:104FB00008000830087000200749087005F0B6F9AD
:104FC00006E0022C04D100200349087005F0AEF978
:104FD00000E000BF00BF70BDB002002058100020EC
:104FE000540D00202DE9F041002500260124404801
:104FF00087884048007820B101280CD0022873D15E
:1050000018E000203C49087008703A480078401CBD
:105010003849087069E03948007805F06DFE08F0FD
:1050200003F902203249487032480078401C314967
:1050300008705AE005F058FA0546012D4BD12C486E
:1050400081882E480078401CB1EB401F01DD2027ED
:1050500006E02748818829480078A1EB401087B2F4
:105060000124002616E0A01CC4B22548611C415C46
:10507000005D01EB002081B21F4802780078401CDF
:105080001D4B18701A48801D20F82210A01CC4B2B5
:10509000701CC6B2BE42E6DB154880881649097806
:1050A00088420FDC1248007820F00200801C104972
:1050B000087000200F49087006F0B4FD00200F4969
:1050C00008700FE00D480078401C0C490870012062
:1050D0000849087006E0022D04D100200549087037
:1050E00006F0A0FD01E0FFE700BF00BFBDE8F081D2
:1050F00058100020AF020020A9020020A8020020C2
:10510000540D00202DE9F0410025002601244948D6
:1051100087884948007820B101280DD0022873D132
:1051200019E0002045490870454908704248007858
:10513000401C414908707AE04048007805F026FE9E
:1051400008F072F803203B4948703B480078401C47
:10515000394908706BE005F0C7F90546012D5DD1AE
:105160003448818835480078401CB1EB801F01DD50
:10517000402706E02F48818830480078A1EB801056
:1051800087B2002632E02F48611C415C005D01EBD4
:10519000002081B22748801D294A127800EB820046
:1051A00041802448801D2649097800EB8100408811
:1051B0004FF6FF71884210D01E48801D20490978A3
:1051C00000EB81004088A0F5FA7081B21948801D7B
:1051D0001B4A127800EB82004180A01CC4B2184820
:1051E0000078401C16490870701CC6B2BE42CADB6B
:1051F0001048808812490978884206DC00200E4950
:10520000087006F025FD10E010E00C480078401C06
:105210000A49087001200849087006E0022D04D1EF
:1052200000200549087006F013FD00E000BF00BF34
:10523000BDE8F08158100020B1020020AA02002031
:10524000AB020020540D002010B525480068401C1A
:105250002349086008460068224988423FD300205D
:105260001F4908602048D0F8C42090F9BD100020E4
:1052700000F0F6FE1C48D0F8C82090F9BE100120BE
:1052800000F0EEFE1848D0F8CC2090F9BF100220B4
:1052900000F0E6FE1448D0F8D02090F9C0100320AA
:1052A00000F0DEFE1048D0F8D42090F9C1100420A0
:1052B00000F0D6FE0C48D0F8D82090F9C210052096
:1052C00000F0CEFE084AD2F8681492F8660400F0A6
:1052D0009BFE054B5A689978587800F07FFF10BD07
:1052E00020030020005C2605D004002010B50446F1
:1052F00040F205310E4808F051FB0E480078401C82
:105300000C49087040F20531094808F054FB0A487E
:1053100001780078401C084A107008484454104630
:105320000078FF2802D100201146087010BD00004F
:10533000004800403A030020390300208315002074
:1053400003480078002801DD012070470020FCE7B9
:105350003A03002010B500241148007800281DDD14
:10536000104801780078401C0E4A10700E48445CCA
:1053700010460078FF2802D100201146087040F244
:1053800005310A4808F00AFB05480078401E044928
:10539000087040F20531054808F00DFB204610BDAD
:1053A0003A03002038030020831500200048004005
:1053B00070B505460E46002400BF0CE0295D074885
:1053C00008F07BFA00BF0721044808F0C8FA00285B
:1053D000F9D0601CC4B2B442F0DB70BD004800409C
:1053E00010B500241848007810B1012829D10AE02E
:1053F000002001F089F901F0C9FB13480078401C36
:10540000114908701EE002F079FB0446092C15D200
:10541000DFE804F00F0506070810111213000EE074
:105420000DE00CE009480A490860002006490870B0
:1054300005E000BF00BF00BF00BF00E000BF00BF2D
:1054400000E000BF00BF10BD8800002085B7000845
:105450001C0000202DE9F041ADF5D26D00274FF47E
:105460000C710DF58C60FEF7CCFE4FF40C718CA81E
:10547000FEF7C7FE4FF40C716846FEF7C2FE00242B
:1054800000250026A04690480078C0F3800058B15F
:105490008E48007840B18C48007820F004008A499A
:1054A00008700020894908708848007810B10128E8
:1054B0007ED13CE0002086490880864908808649E4
:1054C000088086490870864908808649087001F07E
:1054D0001BF901F0C7FB04210DF58C6002F016FBEF
:1054E00004467B480388022221460DF58C6004F0B7
:1054F00087FC05218CA802F009FB05467548038846
:10550000042229468CA804F07BFC0621684602F0A0
:10551000FDFA06467048038806223146684604F0C4
:105520006FFC6A480078401C68490870C6E002F0C9
:10553000E5FA0746092F21D2DFE807F01B050C1317
:105540001A1C1D1E1F0068486849086000205F493A
:10555000087014E066486549086000205B490870DF
:105560000DE064486149086000205849087006E071
:1055700005E000BF00BF00BF00BF00E000BF00BFEC
:105580005648007800287CD056480078401C554981
:105590000870084600781E2874DB002008704C480C
:1055A0000088401C4A4908804A480088401C00E0A6
:1055B00083E04849088048480088401C46490880E4
:1055C0004FF40C710DF58C60FEF71BFE4FF40C715F
:1055D0008CA8FEF716FE4FF40C716846FEF711FE1C
:1055E00004210DF58C6002F091FA044605218CA887
:1055F00002F08CFA05460621684602F087FA064654
:10560000AC4201DB204600E028468046B04501DB85
:10561000404600E030468046802C01DD404600E0F8
:1056200020460446802D01DD404600E02846054620
:10563000802E01DD404600E03046064624480088C2
:10564000A04202DB00202249088022480088A842AC
:1056500002DB00201F4908801F480088B04202DB9F
:1056600000201D4908801A480388022221460DF5B2
:105670008C6004F0C5FB17480388042229468CA8D7
:1056800001E00AE018E004F0BBFB1348038806229F
:105690003146684604F0B4FB0EE011480088401C17
:1056A0000F49088008460088B0F57A7F04DB0020A7
:1056B000088001200949087000E000BF00BF0DF517
:1056C000D26DBDE8F08100000C00002067000020D2
:1056D000680000206A0000206C0000206E0000209E
:1056E0007000002072000020F95600081C00002005
:1056F00005940008CD9C00082DE9F041ADF5D26D70
:1057000000274FF40C710DF58C60FEF77AFD4FF415
:105710000C718CA8FEF775FD4FF40C716846FEF70E
:1057200070FD002400250026A04690480078C0F3B4
:10573000800058B18E48007840B18C48007820F045
:1057400004008A4908700020894908708848007858
:1057500010B101287ED13CE00020864908808649AE
:1057600008808649088086490870864908808649ED
:10577000087000F0C9FF01F01FFA01210DF58C60DF
:1057800002F0C4F904467B480388022221460DF545
:105790008C6004F035FB02218CA802F0B7F90546B5
:1057A00075480388042229468CA804F029FB0321AC
:1057B000684602F0ABF90646704803880622314677
:1057C000684604F01DFB6A480078401C6849087070
:1057D000C6E002F093F90746092F21D2DFE807F06F
:1057E0001B050C131A1C1D1E1F0068486849086021
:1057F00000205F49087014E0664865490860002091
:105800005B4908700DE06448614908600020584910
:10581000087006E005E000BF00BF00BF00BF00E069
:1058200000BF00BF5648007800287CD0564800785A
:10583000401C55490870084600781E2874DB00207B
:1058400008704C480088401C4A4908804A48008833
:10585000401C00E083E04849088048480088401C1C
:10586000464908804FF40C710DF58C60FEF7C9FCB9
:105870004FF40C718CA8FEF7C4FC4FF40C71684611
:10588000FEF7BFFC01210DF58C6002F03FF90446E4
:1058900002218CA802F03AF905460321684602F07D
:1058A00035F90646AC4201DB204600E0284680463A
:1058B000B04501DB404600E030468046802C01DDEB
:1058C000404600E020460446802D01DD404600E0D1
:1058D00028460546802E01DD404600E0304606465B
:1058E00024480088A04202DB002022490880224888
:1058F0000088A84202DB00201F4908801F4800885A
:10590000B04202DB00201D4908801A4803880222A9
:1059100021460DF58C6004F073FA174803880422C1
:1059200029468CA801E00AE018E004F069FA13485F
:10593000038806223146684604F062FA0EE01148F8
:105940000088401C0F49088008460088B0F57A7F1F
:1059500004DB0020088001200949087000E000BF36
:1059600000BF0DF5D26DBDE8F08100000C000020F5
:1059700073000020740000207600002078000020D2
:105980007A0000207C0000207E0000201D9F00087F
:105990001C00002055540008CD9C000811480088C8
:1059A000401C1049088008460088B0F5FA7F18DBD3
:1059B000002008800C48007828B102200B490860BC
:1059C0000120086005E002200849091D0860012047
:1059D00008600548007808B9012000E0002002496D
:1059E000087070472A0300202C030020100C01408F
:1059F0002DE9F041ADF5D26D00274FF40C710DF596
:105A00008C60FEF7FEFB4FF40C718CA8FEF7F9FBDF
:105A10004FF40C716846FEF7F4FB002400250026C5
:105A2000A046A3480078C0F3800058B1A148007890
:105A300040B19F48007820F004009D490870002084
:105A40009C4908709B48007810B101284AD14AE06F
:105A50000020994908809949088099490880994906
:105A600008809949087099490870994801789948BF
:105A7000007801F095FC022395480278954801785A
:105A80000DF58C6002F072F904468B4803880222FF
:105A900021460DF58C6004F0B3F904238C4802789C
:105AA0008C4801788CA802F061F905468348038888
:105AB000042229468CA804F0A3F90623844802781E
:105AC00084480178684602F051F906467C4803880C
:105AD00006223146684604F093F976480078401C67
:105AE00074490870DEE002F009F80746092F30D249
:105AF000DFE807F02A05121F292B2C2D2E007448F1
:105B00000078012807DD72480078401E704908704F
:105B10000020684908701DE06D4800780A2807DAFF
:105B20006B480078401C6A49087000206149087081
:105B300010E069486949086000205E49087001204A
:105B40006349087006E005E000BF00BF00BF00BF6A
:105B500000E000BF00BF5D48007800287DD05A48B3
:105B60000078401C58490870084600781E2875DBEC
:105B70000020087050480088401C4F4908804F485A
:105B80000088401C4D4908804D480088401C4C4905
:105B900008804FF40C710DF58C60FEF732FB4FF46A
:105BA0000C718CA8FEF72DFB4FF40C716846FEF7C4
:105BB00028FB022346480278464801780DF58C60A0
:105BC00002F0D4F8044604234148027841480178A1
:105BD0008CA802F0CBF8054606233D4802783D48E4
:105BE0000178684602F0C2F80646AC4201DB204666
:105BF00000E028468046B04501DB404600E03046E4
:105C00008046802C01DD404600E020460446802D81
:105C100001DD404600E028460546802E01DD404675
:105C200000E03046064624480088A04202DB0020FF
:105C30002149088021480088A84202DB00201F4932
:105C400008801F480088B04202DB00201C49088001
:105C5000194803880222214601E013E021E00DF5F6
:105C60008C6004F0CDF815480388042229468CA8DE
:105C700004F0C6F81248038806223146684604F04C
:105C8000BFF80EE00F480088401C0E490880084607
:105C90000088B0F57A7F04DB0020088001200B49E2
:105CA000087000BF00BF0DF5D26DBDE8F0810000A7
:105CB0000C0000204D000020500000205200002069
:105CC00054000020580000205A00002056000020F8
:105CD0004E00002020000020E15C00081C00002095
:105CE00010B5002465480078C0F3800058B16448BE
:105CF000007840B16148007820F004005F490870E6
:105D000000205F4908705E48007810B101287DD1FD
:105D100028E001205B4908705B490870002000F012
:105D2000F3FC01F051F958480278564801780220F6
:105D300000F0EEFF53480078401CC1B25248027890
:105D4000042000F0E5FF4F480078801CC1B24E48A7
:105D50000278062000F0DCFF49480078401C4849E2
:105D6000087089E001F0CAFE0446092C6FD2DFE812
:105D700004F07A0534676F7B7C7D7E0042480078B2
:105D8000012829DD40480078401E3F4908703D4801
:105D900000780978884204DD3A480078401E394985
:105DA000087001F011F9384802783648017802206D
:105DB00000F0AEFF33480078401CC1B23248027890
:105DC000042000F0A5FF2F480078801CC1B22E48A7
:105DD0000278062000F09CFF4BE02B4800780A2850
:105DE0002DDA29480078401C2749087008460078B9
:105DF00024490978401A032804DB22480078401C13
:105E00002049087001F0E0F81F4800E033E0027814
:105E10001C480178022000F07BFF1A480078401CE3
:105E2000C1B219480278042000F072FF15480078CA
:105E3000801CC1B214480278062000F069FF18E007
:105E400012481349086000200D49087011E00FE066
:105E50000D4800780F4908700F480D490860002070
:105E60000749087005E000BF00BF00BF00BF00E0A9
:105E700000BF00BF00E000BF00BF10BD0C0000204D
:105E80005B0000205C0000205D000020CD9C00082D
:105E90001C00002020000020F1590008704700007D
:105EA00010B51E48007810B1012833D10AE0002057
:105EB00000F02AFC01F098F818480078401C1749B7
:105EC000087028E016480078401C154908700846FC
:105ED000007832281DDB0020087012480078401C32
:105EE000104908700846007801F040FA0D48007823
:105EF0005A2807D10C480078C0F3400010B90B486D
:105F00000B49086007480078642802DB0948084903
:105F1000086000E000BF00BF10BD00008900002045
:105F20008A0000208B0000200C000020E1530008B4
:105F30001C00002085B7000810B51348007810B188
:105F400001281DD10AE0002000F0DEFB01F0AAF8D4
:105F50000D480078401C0C49087012E00B4800887E
:105F6000401C0A49088008460088B0F5FA6F06DB35
:105F7000002008800449087005480649086000E0D0
:105F800000BF00BF10BD00008C0000208E0000206C
:105F9000A15E00081C00002010B502460020184B2E
:105FA00093F81037002B05DD154BD3F898368B424C
:105FB00000D310BD1D200FE0431E124CE45C114BBA
:105FC0001C54431E0F4C203454F823400D4B2033F7
:105FD00043F82040431ED8B20028EDDC084B83F87C
:105FE0007826C3F8981693F810371E2B06DA044B60
:105FF00093F810375B1C024C84F8103700BFD8E7C9
:10600000D0040020480B002010B5024600201D20BF
:106010000FE0431E104CE45C0F4B1C54431E0E4C0F
:10602000203454F823400C4B203343F82040431EC7
:10603000D8B20028EDDC094B83F86C24C3F88C142B
:1060400093F804351E2B06DA044B93F804355B1CD9
:10605000024C84F8043510BD3C090020D004002017
:1060600070B50B4600211D211FE0C0EB00151B4C35
:1060700004EB45054C1E2D5DC0EB0016174C04EBE0
:1060800046046554C0EB0015144CB43404EBC5054C
:106090004C1E55F82450C0EB0016104CB43404EBE1
:1060A000C60444F821504C1EE1B20029DDDCC0EBEF
:1060B00000150A4C04F81530C0EB0015B43444F850
:1060C000352004F53474245C1E2C05DA044C245C61
:1060D000641CE5B2024C255470BD0000AC050020E4
:1060E0003009002030B5034600201E4C94F87C484F
:1060F000002C05DD1B4CD4F80448944200D330BD7D
:106100001D2018E0441E184D2D5D174C2554441ECB
:10611000154D3C3D35F81450134C3C3C24F81050C0
:10612000441E114D1E3555F824500F4C1E3444F8B2
:106130002050441EE0B20028E4DC0A4C84F8E63724
:10614000A4F8AA17C4F8042894F87C481E2C06DA90
:10615000044C94F87C48641C024D85F87C4800BFD0
:10616000CDE70000D0040020B60C002030B5034677
:106170000020184C94F8A847002C05DD154CD4F8E5
:106180003047944200D330BD1D200FE0441E124D15
:106190002D5D114C2554441E0F4D1F3555F82450CC
:1061A0000D4C1F3444F82050441EE0B20028EDDCB2
:1061B000084C84F81117C4F8302794F8A8471E2C0F
:1061C00006DA044C94F8A847641C024D85F8A847E9
:1061D00000BFD8E7D0040020E10B002030B5034613
:1061E00000201D2016E0441E154D2D5D144C255435
:1061F000441E134D1E352D5D114C1E342554441E76
:106200000F4D3C3555F824500D4C3C3444F820508B
:10621000441EE0B20028E6DC094C083C237284F8F6
:106220002610626494F8BC401E2C08DA044C083C2A
:1062300094F8BC40641C024D083D85F8BC4030BD5C
:10624000D804002010B5CD210348FDF7DAFF03483C
:106250000021016010BD00002C120020C0020020AF
:1062600010B50024FEF7F0FF04F0A0FA04F010F9D6
:10627000FFF766F840B1FFF76DF80446204604F0DA
:1062800079F9204604F0CEFA03F046FB10BD2DE963
:10629000F04105460E4600270EB1FF2700E000271B
:1062A000284605F0EAF9002005F0CAF9002404E0C8
:1062B000384605F04BFF601CC4B2802CF8DB691C2B
:1062C000C8B205F0DAF9002005F0BAF9002404E0BC
:1062D000384605F03BFF601CC4B2802CF8DBBDE8FB
:1062E000F08100002DE9F04104460F4616460025D6
:1062F0000EB9BDE8F081C4EB04112E4850F831000E
:10630000B04203D242F21070874200DDF1E71D2552
:1063100021E0C4EB041127487A3800EB8101681EA4
:1063200031F81010C4EB041222487A3800EB8200D6
:1063300020F81510C4EB04111E4800EBC101681EC3
:1063400051F82010C4EB04121A4800EBC20040F8C8
:106350002510681EC5B2002DDBDCC4EB0411154806
:106360007A3820F82170C4EB04117A3040F831609B
:10637000F030005D1E2807DA0E48F030005D401C4A
:10638000C1B20C48F03001550B480C49B1F87016F9
:10639000A0F86811782207497A39FDF719FFF02231
:1063A000044905487830FDF713FF05F0C5FB00BF31
:1063B0009FE70000500A002060030020D004002066
:1063C00010B54FF4805006F003FC78B14FF48050C4
:1063D00006F0F8FB2548007800F0010030B92348AA
:1063E000007820F00100401C204908704FF4005054
:1063F00006F0EEFB78B14FF4005006F0E3FB1B48CB
:106400000078C0F3400030B91848007820F002004E
:10641000801C164908704FF4804006F0D9FB78B113
:106420004FF4804006F0CEFB10480078C0F38000A7
:1064300030B90E48007820F00400001D0B490870A8
:106440004FF4004006F0C4FB78B14FF4004006F072
:10645000B9FB06480078C0F3C00030B903480078A3
:1064600020F0080008300149087010BD3C030020EE
:1064700010B541480088401C3F4908803F480088CB
:10648000401C3E4908803E480088401C3C4908802A
:106490003C480088401C3B4908803B480088401C21
:1064A000394908803448008841F28831884209DB44
:1064B0000020314908803548007800F0010008B913
:1064C000FEF710FD2D480088B0F5FA6F0EDB0020B6
:1064D0002A4908802D480078C0F3400030B92B4885
:1064E000007800F0010008B105F0A8FB24480088FE
:1064F000B0F5FA6F0BDB00202149088023480078B3
:1065000000F0010008B103F01DFF02F071FF1D480B
:106510000088B0F57A7F14DB00201A4908801B48F8
:10652000007800F0010060B118480078C0F3400026
:1065300030B116480078C0F3C00008B105F094FBF4
:1065400000BF11480088B0F57A7F13DB00200E49A8
:1065500008800E48007800F0010058B10B48007820
:10656000C0F3400030B109480078C0F3C00008B162
:1065700005F0AEFC10BD0000B6020020B8020020FD
:10658000BA020020BC020020BE02002058100020E9
:106590000E4C0021084604F0CDF9052006F084FADF
:1065A00072B64FF05A30206000BFBFF34F8F0848DB
:1065B000006800F4E06007490843001D04490860D2
:1065C000BFF34F8F00BF00BFFEE70000FC4F00206D
:1065D0000CED00E00000FA05F0B5E7B0002600245D
:1065E000002500274FF4B87241490BA8FDF7F0FDD4
:1065F0004FF4B6710BA8FEF75BFC06466698B042F6
:106600003FD1BDF8960102283BD14FF4B8720BA9D7
:106610003848FDF7DDFD38483649B1F86811A0F873
:1066200070167822334900F20650FDF7D1FDF022B2
:10663000304978313148FDF7CBFD00BF1EE0002521
:106640000EE0C4EB04102B4901EB800030F815007C
:1066500044F62061884201DD012703E0681CC5B2D1
:106660001E2DEEDB00BF3FB14FF4B8712148FDF79E
:10667000C8FD05F061FA03E0601CC4B2022CDEDB49
:106680000AE04FF4B8711B48FDF7BBFD0220194921
:10669000A1F86A0105F050FA2822194901A8FDF76E
:1066A00097FD242101A8FEF703FC06460A98B04294
:1066B00005D1282201A91348FDF78AFD15E0002025
:1066C0001049086018210F48001DFDF79AFD0120B0
:1066D0000C4908774FF4E130086224210948FEF79D
:1066E000E7FB0849486205F0B9FC67B0F0BD00005F
:1066F00000F8000860030020D0040020500A0020A9
:1067000000FC00088416002070B50646002410E046
:10671000204604F0B2FF022004F092FF002504E0BE
:10672000304605F013FD681CC5B2802DF8DB601CF7
:10673000C4B2082CECDB70BD10B5044606F044FB77
:1067400040F2023006F0A4FA4FF4417006F0A0FACD
:1067500040F2053006F09CFA204606F0BFFA40F2FF
:10676000023006F095FA4FF4417006F091FA40F2CB
:10677000053006F08DFA06F09BFA10BD2DE9F041C8
:106780009CB00746B2A000681B90B2A000681A90A7
:10679000B1A000681990602101A8FDF732FD002525
:1067A00000240026A04600BF29E0002420E01BA80A
:1067B000405DAA49095D884218D101A800EBC600D6
:1067C000A74A02EB04110A6802604968416001A906
:1067D000701C01EBC000012101EB4401A04A02EB57
:1067E000C1010A6802604968416003E0601CC4B2EC
:1067F000302CDCD300BFB01CC6B2681CC5B2022D61
:10680000D3DB002529E0002420E01AA8405D93494D
:10681000095D884218D101A800EBC600904A02EB3E
:1068200004110A6802604968416001A9701C01EB0B
:10683000C000012101EB4401894A02EBC1010A6851
:1068400002604968416003E0601CC4B2302CDCD3B4
:1068500000BFB01CC6B2681CC5B2022DD3DB002538
:1068600029E0002420E019A8405D7C49095D8842A8
:1068700018D101A800EBC600794A02EB04110A689E
:1068800002604968416001A9701C01EBC000012150
:1068900001EB4401724A02EBC1010A6802604968D7
:1068A000416003E0601CC4B2302CDCD300BFB01CDC
:1068B000C6B2681CC5B2022DD3DB78064FEA106859
:1068C00000200423202201460090664804F01FFFA8
:1068D000B8F1020F3CD101210220FFF7D8FC0120C2
:1068E000102302221146009001A804F0D6FE0120D8
:1068F00004232022022100905B4804F008FF0021BD
:106900000420FFF7C4FC0020102304220221009081
:1069100009A804F0C2FE002004232022194600909A
:10692000524804F0F4FE00210620FFF7B0FC0020DE
:10693000102306220221009011A804F0AEFE0020D0
:106940000423202206210090494804F0E0FE7BE069
:10695000B8F1040F3CD100210220FFF798FC002081
:10696000102302221146009001A804F096FE002098
:1069700004232022022100903B4804F0C8FE01219C
:106980000420FFF784FC0120102304220221009040
:1069900009A804F082FE0120042320221946009059
:1069A000324804F0B4FE00210620FFF770FC0020FE
:1069B000102306220221009011A804F06EFE002090
:1069C0000423202206210090294804F0A0FE3BE089
:1069D00000210220FFF75BFC002010230222114659
:1069E000009001A804F059FE002004232022022177
:1069F00000901D4804F08BFE00210420FFF747FCA7
:106A00000020102304220221009009A804F045FE72
:106A100000200423202219460090144804F077FE39
:106A200001210620FFF733FC01201023062202215A
:106A3000009011A804F031FE012004232022062139
:106A400000900B4804F063FE1CB0BDE8F08100002C
:106A5000312E0000322E0000332E0000B2DC000880
:106A6000E3DC000832DC0008E3DF000813E3000881
:106A700093E300082DE9F041A0B007468846702155
:106A800004A8FDF7BEFB002400250026002002908C
:106A90000390FFF739FE424635A102A805F082FBBC
:106AA00000BF2BE0002524E002A8005D3249495DCB
:106AB00088421CD104A901EB0410304A02EB0511F5
:106AC0000A68026049684160012000EB440004A9A3
:106AD00001EBC000012101EB4501284A02EBC10195
:106AE0000A68026049684160701CC6B203E0681C15
:106AF000C5B2302DD8D300BF601CC4B202A8FDF7C8
:106B00008BFBA042CED800200346024631460090BF
:106B100004A804F0C2FDF006060E012F04D0022FD7
:106B20000ED0032F1ED114E000200423324601466C
:106B30000090134804F0EBFD06F14000C6B212E0ED
:106B4000002004233246014600900E4804F0DFFD89
:106B500009E0002004233246014600900A4804F070
:106B6000D6FD00E000BF00BF20B0BDE8F08100000E
:106B70002825642F31302900B2DC0008E3DC00084E
:106B8000E3DF000813E3000893E3000808B50020E2
:106B90000623102201210090054804F0B8FD0020D2
:106BA0000223602206210090024804F0B0FD08BDD7
:106BB00073E4000833E5000830B597B0502103A80E
:106BC000FDF71FFB22A103C9CDE901010025002427
:106BD00000BF29E0002422E001A8405D1E49095DB4
:106BE00088421AD103A901EB05101C4A02EB0411DB
:106BF0000A68026049684160012000EB450003A972
:106C000001EBC000012101EB4401144A02EBC10178
:106C10000A6802604968416003E0601CC4B2302C1D
:106C2000DAD300BF681CC5B2052DD3D300200346BC
:106C300002460521009003A804F02FFD0020042344
:106C4000282201460090064804F061FD17B030BDCF
:106C500028322F3429000000B2DC0008E3DC0008F1
:106C600013E3000830B597B0502103A8FDF7C9FA27
:106C700022A103C9CDE901010025002400BF29E0BC
:106C8000002422E001A8405D1E49095D88421AD116
:106C900003A901EB05101C4A02EB04110A6802600B
:106CA00049684160012000EB450003A901EBC000E9
:106CB000012101EB4401144A02EBC1010A680260A0
:106CC0004968416003E0601CC4B2302CDAD300BFD5
:106CD000681CC5B2052DD3D300200346024605210A
:106CE000009003A804F0D9FC0020042328220146C8
:106CF0000090064804F00BFD17B030BD28332F3448
:106D000029000000B2DC0008E3DC000813E30008FF
:106D10002DE9F04F8DB081460E469246302101A8F4
:106D2000FDF76FFA0024564501D1012000E0002054
:106D300007464FF0000800250A2E24DA4FF002081B
:106D4000002419E09848015D06F13000814211D11C
:106D5000964901EB041001680191406802900120FE
:106D600000EB4400914901EBC000016803914068C9
:106D7000049003E0601CC4B2302CE3D300BF05F1E3
:106D80000800C5B248E04FF0040800241BE00A20C8
:106D900096FBF0F030308449095D884211D1834977
:106DA00001EB04100168019140680290012000EBA2
:106DB00044007E4901EBC0000168039140680490E3
:106DC00003E0601CC4B2302CE1D300BF00241DE0FE
:106DD0000A2096FBF0F100FB116030307249095D2A
:106DE000884211D1714901EB041001680591406896
:106DF0000690012000EB44006C4901EBC0000168E3
:106E000007914068089003E0601CC4B2302CDFD3C7
:106E100000BF05F11000C5B200241FE06248005D0C
:106E20002E2819D101A800EBC800604A02EB04111A
:106E30000A6802604968416001A908F1010001EB9C
:106E4000C000012101EB4401584A02EBC1010A686C
:106E500002604968416003E0601CC4B2302CDDD39D
:106E600000BF08F1020000F0FF0805F10800C5B2FC
:106E700039464846FFF70BFAC34608EBDB70411072
:106E800000234A4601A8009704F007FC0B2E6CD2A1
:106E9000DFE806F06B06111C2728292A2B2C60003E
:106EA00002232A4649464248009704F030FC05F187
:106EB0002000C5B259E002232A4649463D480097C2
:106EC00004F025FC05F12000C5B24EE003232A465C
:106ED00049463948009704F01AFC05F14000C5B254
:106EE00043E000BF00BF00BF00BF00BF04232A462D
:106EF00049463248009704F00AFC05F14000C5B24B
:106F0000002419E006F12D002749095D884211D1BE
:106F1000264901EB041001680191406802900120AC
:106F200000EB4400214901EBC00001680391406877
:106F3000049003E0601CC4B2302CE3D300BF2B46A6
:106F40004A46012101A8009704F0A7FB05F10800BB
:106F5000C5B20AE004232A4649461948009704F0BE
:106F6000D6FB05F14000C5B200BF00BFB9F1020F6A
:106F700009D1012E14DD01236822494611480097EA
:106F800004F0C5FB0CE0B9F1060F09D10A2E07DAAF
:106F90000123682249460B482030009704F0B7FBD4
:106FA0000DB0BDE8F08F0000B2DC0008E3DC0008A3
:106FB00083E00008C3E0000883E1000813E3000851
:106FC00093E3000813E4000808B50020FFF79CFBDA
:106FD00000200423024601460090024804F097FB7B
:106FE00008BD000092DB000830B58FB0302103A847
:106FF000FDF707F926A0006802900025002400BFD5
:1070000029E0002422E002A8405D2249095D88426F
:107010001AD103A901EB05101F4A02EB04110A68FB
:10702000026049684160012000EB450003A901EBC3
:10703000C000012101EB4401174A02EBC1010A68BB
:1070400002604968416003E0601CC4B2302CDAD3AE
:1070500000BF681CC5B2032DD3D3002003231C221C
:10706000012100900D4804F052FB00204C23012226
:107070000321009003A804F010FB00200D2306223A
:1070800019460090064804F008FB0FB030BD000020
:107090002E2E2E00B2DC0008E3DC0008E3E100083D
:1070A00043E2000830B5A9B0902105A8FDF7A9F882
:1070B00039A207CA02AB07C30025002400BF29E09C
:1070C000002422E002A8405D3649095D88421AD1B9
:1070D00005A901EB0510344A02EB04110A680260AD
:1070E00049684160012000EB450005A901EBC000A3
:1070F000012101EB44012C4A02EBC1010A68026044
:107100004968416003E0601CC4B2302CDAD300BF90
:10711000681CC5B2092DD3D300201C2301220921EC
:10712000009005A804F0B9FA002529E0002422E027
:107130001E48405D1B49095D88421AD105A901EB33
:107140000510194A02EB04110A680260496841609F
:10715000012000EB450005A901EBC000012101EB76
:107160004401114A02EBC1010A68026049684160AA
:1071700003E0601CC4B2302CDAD300BF681CC5B277
:10718000052DD3DB00202C2305221146009005A8F5
:1071900004F083FA29B030BD4D564A432D323030C9
:1071A00030000000B2DC0008E3DC00081000002022
:1071B00030B597B0502103A8FDF723F822A103C9E9
:1071C000CDE901010025002400BF29E0002422E0D0
:1071D00001A8405D1E49095D88421AD103A901EB4F
:1071E00005101C4A02EB04110A68026049684160FC
:1071F000012000EB450003A901EBC000012101EBD8
:107200004401144A02EBC1010A6802604968416006
:1072100003E0601CC4B2302CDAD300BF681CC5B2D6
:10722000052DD3D30020034602460521009003A874
:1072300004F033FA00200423282201460090064877
:1072400004F065FA17B030BD28342F34290000004F
:10725000B2DC0008E3DC000893E3000838B505461B
:107260006806040E002003232822014600903B48B4
:1072700004F04DFA022C24D101210220FFF707F877
:1072800001200523182202210090354804F03FFA1E
:1072900000210420FEF7FBFF002005231822042113
:1072A0000090304804F033FA00210620FEF7EFFF8B
:1072B000002005231822062100902B4804F027FA0D
:1072C0004AE0042C24D100210220FEF7E0FF002038
:1072D0000523182202210090214804F018FA012108
:1072E0000420FEF7D4FF012005231822042100907A
:1072F0001C4804F00CFA00210620FEF7C8FF00200D
:107300000523182206210090174804F000FA23E014
:1073100000210220FEF7BBFF0020052318220221D6
:1073200000900F4804F0F3F900210420FEF7AFFFAE
:10733000002005231822042100900A4804F0E7F9F0
:1073400001210620FEF7A3FF0120052318220621B4
:107350000090054804F0DBF938BD000072DA00083F
:10736000D2DA000872DB000812DC000838B50446E7
:107370000AA0006800909DF8000023460F22062115
:1073800004F054FEC4F16401CBB204F10F01CAB29F
:107390009DF80100062104F049FE38BDF888000080
:1073A0002DE9F041A0B007468846702104A8FCF7FB
:1073B00028FF002600240025002002900390FFF7FC
:1073C000A3F9424656A102A804F0ECFE00BF2BE050
:1073D000002424E002A8805D5349095D88421CD145
:1073E00004A901EB0610514A02EB04110A6802607D
:1073F00049684160012000EB460004A901EBC00090
:10740000012101EB4401494A02EBC1010A68026013
:1074100049684160681CC5B203E0601CC4B2302CEE
:10742000D8D300BF701CC6B202A8FCF7F5FEB0426C
:10743000CED80020034602462946009004A804F056
:107440002CF9E806050E0B2F64D2DFE807F063067F
:10745000121B2425262728295A00002002232A4609
:1074600001460090324804F052F905F12000C5B2FF
:1074700051E0002002232A46014600902D4804F0E6
:1074800046F948E0002003232A46014600902A4896
:1074900004F03DF93FE000BF00BF00BF00BF00BFE8
:1074A000002004232A4601460090244804F02FF9C6
:1074B00005F14000C5B2002418E007F12D001A497B
:1074C000095D884210D1194901EB0410016804914B
:1074D00040680590012000EB4400144901EBC00016
:1074E0000168069140680790601CC4B2302CE4D358
:1074F00000202B4602460121009004A804F0CDF89C
:1075000009E0002004232A46014600900C4804F0BC
:10751000FEF800E000BF00BF20B0BDE8F081000031
:107520002825642F31302900B2DC0008E3DC000894
:1075300083E00008C3E0000883E1000813E30008CB
:1075400093E300082DE9FF4F9BB0064689469A4613
:10755000202112A8FCF755FE14210DA8FCF751FEBE
:1075600000200C900B9080460024834600270025C5
:1075700050460AEBD0714A10521E1D99491E01EB6C
:107580004101491C114401F0FF08B9F1010F7DD1FF
:107590004246F7A112A804F005FEF64890F87C08D0
:1075A000404502DA4FF0010B01E04FF0000B0027DD
:1075B00027E0002520E012A8C05DEF49495D884220
:1075C00018D13019ED4A02EB05110A6802604968CA
:1075D000416006F58C702044012101EB4501E74A2A
:1075E00002EBC1010A6802604968416004F10800C9
:1075F00084B203E0681CC5B2302DDCD300BF781C18
:10760000C7B212A8FCF708FEB842D2D8A8F1010010
:10761000DB49085C08BB30191022DA49FCF7D8FDB9
:1076200006F58C7108191022D6491031FCF7D0FDEF
:1076300004F1100084B230191022D2492031FCF735
:10764000C7FD06F58C7108191022CE493031FCF7C0
:10765000BFFD04F1100084B222E030191022CA49A3
:10766000FCF7B6FD06F58C7108191022C6491031D9
:10767000FCF7AEFD04F1100084B230191022C249AB
:107680002031FCF7A5FD06F58C7100E0AEE008198D
:107690001022BD493031FCF79BFD04F1100084B28B
:1076A00000251EE0B448405D3A2818D13019B34A8D
:1076B00002EB05110A6802604968416006F58C70AA
:1076C0002044012101EB4501AC4A02EBC1010A68EB
:1076D00002604968416004F1080084B203E0681C5C
:1076E000C5B2302DDED300BFBBF1000F13D030196F
:1076F0001022A649FCF76CFD06F58C7108191022C2
:10770000A2491031FCF764FD04F1100084B2204658
:107710001FB0BDE8F08F202112A8FCF772FDA8F180
:107720000101974A3C3A32F81100FCF7CDFE984926
:107730000790FCF7AAFD0C90A8F1010090491E31BA
:1077400051F820000B9008A90B9804F083FB0C98CB
:10775000FCF7F1FECDE906019DF828009DF8271001
:107760009DF826209DF82530CDE90232CDE90410A0
:107770009DF824100898A0F5FA60CDE9000185A1D4
:1077800012A8DDE9062304F00DFD002727E00025FF
:1077900020E012A8C05D7849495D884218D13019AF
:1077A000764A02EB05110A6802604968416006F5F5
:1077B0008C702044012101EB4501704A02EBC101AC
:1077C0000A6802604968416004F1080084B203E07D
:1077D000681CC5B2302DDCD300BF781CC7B212A81C
:1077E000FCF71AFDB842D2D8204691E7B9F1020F52
:1077F0007ED142465EA112A804F0D4FC5D4890F808
:10780000A807404502DA4FF0010B0BE04FF0000BE8
:10781000A8F101005A49D5390B56424664A112A875
:1078200004F0C0FC002727E0002520E012A8C05D7E
:107830005149495D884218D13019504A02EB05116F
:107840000A6802604968416006F58C702044012195
:1078500001EB4501494A02EBC1010A68026049682F
:10786000416004F1080084B203E0681CC5B2302D09
:10787000DCD300BF781CC7B212A8FCF7CDFCB8421D
:10788000D2D8BBF1000F11D0301910223F49FCF7BC
:107890009FFC06F58C71081910223C491031FCF749
:1078A00097FC04F1100084B2204631E73019102211
:1078B0004149FCF78DFC06F58C71081910223E49F0
:1078C0001031FCF785FC04F1100084B2A8F101012D
:1078D0002B4AB63A52F8210008A904F0BBFA9DF8E9
:1078E00028009DF827109DF826209DF8253000E0FF
:1078F0006EE0CDE90032CDE902109DF82430089801
:10790000A0F5FA622DA10DA804F04CFC002727E099
:10791000002520E00DA8C05D1749495D884218D1B7
:107920003019164A02EB05110A6802604968416085
:1079300006F58C702044012101EB45010F4A02EB52
:10794000C1010A6802604968416004F1080084B21C
:1079500003E0681CC5B2302DDCD300BF781CC7B271
:107960000DA8FCF759FCB842D2D82046D0E600005A
:1079700025642E00D0040020B2DC0008E3DC0008FF
:10798000B60C002083E00008C3E0000853E40008C0
:107990000000204125302E31666D732025642F258F
:1079A000642F25642025643A25643A25642000006C
:1079B00025642E256400000063E000082025642F64
:1079C00025642F25642025643A25643A2564200027
:1079D000B9F1030F77D13D4890F81007404508DA18
:1079E0004246AFF2740112A804F0DCFB4FF0010B29
:1079F00024E0A8F10101364A52F8210008A904F058
:107A000029FA9DF828009DF827109DF826209DF85A
:107A10002530CDE90232CDE904109DF824100898F4
:107A2000A0F5FA60CDE90001A8F10100284920394C
:107A30000B5C424627A112A804F0B4FB002727E004
:107A4000002520E012A8C05D2949495D884218D16F
:107A50003019284A02EB05110A6802604968416042
:107A600006F58C702044012101EB4501214A02EB0F
:107A7000C1010A6802604968416004F1080084B2EB
:107A800003E0681CC5B2302DDCD300BF781CC7B240
:107A900012A8FCF7C1FBB842D2D8BBF1000F0FD03F
:107AA000301910221449FCF793FB06F58C71081964
:107AB000102211491031FCF78BFB04F1100084B245
:107AC000204625E6FFE7204622E60000D0040020FD
:107AD000680B002025642E256425252025642F258C
:107AE000642F25642025643A25643A25640000004B
:107AF000B2DC0008E3DC000853E40008024908781F
:107B00000021014A117070473E0300202DE9F04129
:107B100094B00546884600240026002720210CA8A2
:107B2000FCF76FFB142107A8FCF76BFB10228349BD
:107B30002846FCF74DFB10228049103105F58C706A
:107B4000FCF746FB10227D49203105F11000FCF7BF
:107B50003FFB10227949303105F59470FCF738FB72
:107B600000BF1BE07648015D08F13000814213D16F
:107B7000744901EB041001682962406868620120C1
:107B800000EB44006F4901EBC0010A68C5F83821D9
:107B90004968C5F83C1103E0601CC4B2302CE1D345
:107BA00000BF002419E06648005D3A2813D16549FA
:107BB00001EB04100168A9624068E862012000EB53
:107BC0004400604901EBC0010A68C5F840214968DA
:107BD000C5F8441103E0601CC4B2302CE3D300BFED
:107BE000A8F10100584951F8200080B910225749E6
:107BF00005F13000FCF7ECFA10225449103105F57C
:107C0000A470FCF7E5FA402014B0BDE8F0813027FD
:107C1000A8F101004C49C91F0A564DA10CA804F057
:107C2000C1FA002427E0002620E00CA8005D4449AA
:107C3000895D884218D1E819424A02EB06110A68A8
:107C400002604968416005F58C703844012101EB00
:107C500046013C4A02EBC1010A6802604968416082
:107C600007F1080087B203E0701CC6B2302EDCD3E7
:107C700000BF601CC4B20CA8FCF7CEFAA042D2D858
:107C8000E81910223349FCF7A3FA05F58C71C819DD
:107C9000102230491031FCF79BFA07F1100087B22F
:107CA000A8F10101284A52F8210004A904F0D2F8F1
:107CB0009DF818009DF817109DF816209DF81530B6
:107CC000CDE90032CDE902109DF814300498A0F5FA
:107CD000FA6221A107A804F065FA002427E0002633
:107CE00020E007A8005D1649895D884218D1E8198F
:107CF000144A02EB06110A6802604968416005F502
:107D00008C703844012101EB46010E4A02EBC1019F
:107D10000A6802604968416007F1080087B203E021
:107D2000701CC6B2302EDCD300BF601CC4B207A8E2
:107D3000FCF772FAA042D2D8384665E753E3000850
:107D4000B2DC0008E3DC00089405002053E40008DE
:107D50002564000063E000082025642F25642F259A
:107D6000642025643A25643A256420002DE9FF4FFC
:107D70009DB0064689469B46202114A8FCF741FA8F
:107D800014210FA8FCF73DFA00200E900D908046BC
:107D9000002582460027002458460BEBD0714A107C
:107DA000521E1F99491E01EB4101491C114401F06B
:107DB000FF08B9F1020F74DCA9F10100FB49085C6E
:107DC000404507DA4246FAA114A804F0EBF94FF057
:107DD000010A43E0A9F10101C1EB0112F54901EBF0
:107DE0008202A8F1010132F81100FCF76DFBF249A3
:107DF0000990FCF74AFA0E90A9F10100C0EB0011BE
:107E0000EC487A3000EBC101A8F1010051F82000E4
:107E10000D900AA90D9804F01DF80E98FCF78BFB45
:107E2000CDE908019DF830009DF82F109DF82E2017
:107E30009DF82D30CDE90432CDE906109DF82C10C7
:107E40000A98A0F5FA60CDE90201DDE90801424691
:107E5000CDE90001D9A114A804F0A4F9002728E075
:107E6000002421E014A8C05DDC49095D884219D1D5
:107E70007019DB4A02EB04110A680260496841602C
:107E800006F58C702844012101EB4401D44A02EB31
:107E9000C1010A6802604968416005F1080085B2C5
:107EA00004E022E0601CC4B2302CDBD300BF781C9D
:107EB000C7B214A8FCF7B0F9B842D1D8BAF1000F94
:107EC0000FD070191022C749FCF782F906F58C71A2
:107ED00048191022C3491031FCF77AF905F1100056
:107EE00085B2284621B0BDE8F08FB9F1030F79D1F2
:107EF000BD4890F8BC00404507DA4246ACA114A842
:107F000004F050F94FF0010A09E0A8F10100B64968
:107F100008310B5C4246B5A114A804F043F90027D0
:107F200027E0002420E014A8C05DAC49095D884228
:107F300018D17019AA4A02EB04110A680260496854
:107F4000416006F58C702844012101EB4401A44AEC
:107F500002EBC1010A6802604968416005F108004E
:107F600085B203E0601CC4B2302CDCD300BF781CA7
:107F7000C7B214A8FCF750F9B842D2D8BAF1000F32
:107F800011D0701910229749FCF722F906F58C716F
:107F90004819102293491031FCF71AF905F1100025
:107FA00085B228469EE7701910229249FCF710F915
:107FB00006F58C71481910228E491031FCF708F92A
:107FC00005F1100085B2202114A8FCF71AF9A8F1D8
:107FD0000100854926310A5C87A114A804F0E2F863
:107FE000002728E07BE0002420E014A8C05D7B4946
:107FF000095D884218D17019794A02EB04110A68A8
:1080000002604968416006F58C702844012101EB4B
:108010004401734A02EBC1010A6802604968416089
:1080200005F1080085B203E0601CC4B2302CDCD33B
:1080300000BF781CC7B214A8FCF7EEF8B842D2D83B
:10804000A8F10101684A443252F821000AA903F05C
:1080500001FF9DF830009DF82F209DF82E109DF80F
:108060002D30CDE90031CDE902209DF82C300A9861
:10807000A0F5FA6262A10FA804F094F8002727E0A7
:10808000002420E00FA8C05D5449095D884218D142
:108090007019534A02EB04110A6802604968416092
:1080A00006F58C702844012101EB44014C4A02EB97
:1080B000C1010A6802604968416005F1080085B2A3
:1080C00003E0601CC4B2302CDCD300BF781CC7B204
:1080D0000FA8FCF7A1F8B842D2D8284602E7B9F1B8
:1080E000090F62DCA9F104003249A639085C404559
:1080F00007DA42462EA114A804F054F84FF0010A02
:108100000FE0A9F10400C0EB00113748DC3000EBB0
:108110004101A8F101000B56424634A114A804F015
:1081200041F8002727E0002420E014A8C05D2B4977
:10813000095D884218D17019294A02EB04110A68B6
:1081400002604968416006F58C702844012101EB0A
:108150004401234A02EBC1010A6802604968416098
:1081600005F1080085B203E0601CC4B2302CDCD3FA
:1081700000BF781CC7B214A8FCF74EF8B842D2D89A
:10818000BAF1000F46D0701910221649FCF720F8FA
:1081900006F58C714819102212491031FCF718F8B5
:1081A00005F1100085B228469CE698E0400B0020BF
:1081B00025642E00D60900200000204125642E25CC
:1081C000302E31666D732025642F25642F256420A1
:1081D00025643A25643A256420000000B2DC0008DA
:1081E000E3DC000853E40008D004002025642E25B9
:1081F0006400000063E000082025642525000000DD
:108200002025642F25642F25642025643A25643AAF
:1082100025642000701910226C49FBF7D9FF06F580
:108220008C714819102269491031FBF7D1FF05F113
:10823000100085B2A9F10401C1EB0112644901EB00
:10824000C202A8F1010152F821000AA903F002FEBE
:108250009DF830009DF82F109DF82E209DF82D30B0
:10826000CDE90032CDE902109DF82C300A98A0F536
:10827000FA62AFF274010FA803F094FF002727E021
:10828000002420E00FA8C05D5249095D884218D142
:108290007019514A02EB04110A6802604968416092
:1082A00006F58C702844012101EB44014A4A02EB97
:1082B000C1010A6802604968416005F1080085B2A1
:1082C00003E0601CC4B2302CDCD300BF781CC7B202
:1082D0000FA8FBF7A1FFB842D2D8284602E63F48D4
:1082E00090F80405404508DA4246AFF23C1114A864
:1082F00003F058FF4FF0010A24E0A8F10101384AC9
:1083000052F821000AA903F0A5FD9DF830009DF860
:108310002F109DF82E209DF82D30CDE90232CDE9A9
:1083200004109DF82C100A98A0F5FA60CDE9000120
:10833000A8F101002A4920390B5C424629A114A862
:1083400003F030FF002727E0002420E014A8C05DE0
:108350002049095D884218D170191F4A02EB0411A7
:108360000A6802604968416006F58C702844012162
:1083700001EB4401184A02EBC1010A680260496836
:10838000416005F1080085B203E0601CC4B2302CE6
:10839000DCD300BF781CC7B214A8FBF73DFFB8427E
:1083A000D2D8BAF1000F0FD0701910221449FBF780
:1083B0000FFF06F58C714819102211491031FBF797
:1083C00007FF05F1100085B228468BE563E0000841
:1083D00060060020B2DC0008E3DC0008D0040020C6
:1083E0005C09002025642E256425252025642F2581
:1083F000642F25642025643A25643A256400000032
:1084000053E4000830B589B0202101A8FBF7F9FE3C
:108410000024002512480078C0F3800229466D1C14
:1084200001A8425400BF12E00E4830F824000212A6
:108430002846691CCDB201A90A540A4810F8242024
:108440002846691CCDB201A90A54601CC4B20F2C85
:10845000EADB1F2201A9032002F04CF909B030BD6C
:1084600058100020C611002030B589B0202101A885
:10847000FBF7C7FE0024002500BF14E00E4800EB08
:108480008400408802122846691CCDB201A90A5412
:10849000094800EB840082782846691CCDB201A906
:1084A0000A54601CC4B20F2CE8DB1E2201A905206F
:1084B00002F020F909B030BDC61100202DE9F041CD
:1084C00090B004468846002500260027202108A8F1
:1084D000FBF797FE10224F492046FBF779FE10224A
:1084E0004C49103104F58C70FBF772FE102249499B
:1084F000203104F11000FBF76BFE102245493031AA
:1085000004F59470FBF764FE00BF19E04248405D3B
:108510003A2813D1414901EB0510016821624068F6
:108520006062012000EB45003C4901EBC0010A6894
:10853000C4F838214968C4F83C1103E0681CC5B28E
:10854000302DE3D300BF3648D0F8680480B910223C
:10855000344904F12800FBF73BFE10223149103169
:1085600004F5A070FBF734FE382010B0BDE8F081B0
:1085700028272B49D1F8680405A903F06BFC9DF866
:108580001C009DF81B109DF81A209DF81930CDE9AC
:108590000132CDE903109DF8180000900598A0F570
:1085A000FA631F4890F866241FA108A803F0FAFD9B
:1085B000002527E0002620E008A8405D1649895DD7
:1085C000884218D1E019154A02EB06110A680260C8
:1085D0004968416004F58C703844012101EB460183
:1085E0000E4A02EBC1010A6802604968416007F166
:1085F000080087B203E0701CC6B2302EDCD300BF87
:10860000681CC5B208A8FBF707FEA842D2D83846B6
:10861000ABE70000D3E30008B2DC0008E3DC0008AD
:10862000D004002053E40008256425252025642F6C
:1086300025642F25642025643A25643A25640000CA
:108640002DE9F04190B007468846202108A8FBF7A5
:10865000D8FD002600240025B8F1000F3FD1A6A1C7
:1086600008A803F09FFD0F22A5490DF12500FBF797
:10867000AFFD20208DF8340000BF27E0002420E06B
:1086800008A8805D9F49095D884218D178199E4AE3
:1086900002EB04110A6802604968416007F58C70BA
:1086A0002844012101EB4401974A02EBC1010A6809
:1086B00002604968416005F10800C5B203E0601C32
:1086C000C4B2302CDCD300BF701CC6B208A8FBF7C4
:1086D000A3FDB042D2D8284610B0BDE8F081B8F171
:1086E000020F38D1864808384368827887A108A8E5
:1086F00003F058FD002627E0002420E008A8805D54
:108700008049095D884218D178197F4A02EB04112B
:108710000A6802604968416007F58C7028440121AD
:1087200001EB4401784A02EBC1010A680260496822
:10873000416005F10800C5B203E0601CC4B2302CF2
:10874000DCD300BF701CC6B208A8FBF765FDB042C1
:10875000D2D82846C0E7B8F1040F4BD16849083990
:10876000086A05A903F076FB9DF81C009DF81B1014
:108770009DF81A209DF81930CDE90032CDE902109C
:108780009DF818300598A0F5FA6263A108A803F0D7
:1087900009FD002627E0002420E008A8805D594953
:1087A000095D884218D17819574A02EB04110A680A
:1087B00002604968416007F58C702844012101EB93
:1087C0004401514A02EBC1010A68026049684160F4
:1087D00005F10800C5B203E0601CC4B2302CDCD344
:1087E00000BF701CC6B208A8FBF716FDB042D2D875
:1087F000284671E742480F30016808918088ADF83B
:108800002400002627E0002420E008A8805D3D49E0
:10881000095D884218D178193B4A02EB04110A68B5
:1088200002604968416007F58C702844012101EB22
:108830004401354A02EBC1010A680260496841609F
:1088400005F10800C5B203E0601CC4B2302CDCD3D3
:1088500000BF701CC6B208A8FBF7DEFCB042D2D83D
:10886000202108A8FBF7CDFC3048027830A108A8E9
:1088700003F098FC002627E0002420E008A8805D93
:108880002049095D884218D178191F4A02EB04116A
:108890000A6802604968416007F58C70284401212C
:1088A00001EB4401184A02EBC1010A680260496801
:1088B000416005F10800C5B203E0601CC4B2302C71
:1088C000DCD300BF701CC6B208A8FBF7A5FCB04201
:1088D000D2D8781910221849FBF77AFC07F58C7169
:1088E0004819102214491031FBF772FC05F11000F1
:1088F000C5B22846F0E60000494D45493A0000005F
:1089000004130020B2DC0008E3DC000849443A25E7
:10891000642025640000000025642F25642F256451
:108920002025643A25643A2564200000D004002004
:10893000202020202564000063E000082DE9F04F8E
:1089400091B0044600250026A946AA46202109A880
:10895000FBF757FCAB4610226D492046FBF738FC6D
:1089600010226B49103104F58C70FBF731FC10229A
:108970006749203104F11000FBF72AFC10226449FA
:10898000303104F59470FBF723FC00BF19E0614817
:10899000405D3A2813D1604901EB0510016821625E
:1089A00040686062012000EB45005B4901EBC001BB
:1089B0000A68C4F838214968C4F83C1103E0681C0F
:1089C000C5B2302DE3D300BF544890F8700680B98B
:1089D0001022534904F12800FBF7FAFB10225049FA
:1089E000103104F5A070FBF7F3FB382011B0BDE89F
:1089F000F08F00250EE04B4830F8150042F2107160
:108A0000884204DD09F1010000F0FF0900E006E002
:108A1000681CC5B2414890F87006A842EBDC00BF64
:108A20003E4890F8700648450EDC10223C4904F19F
:108A30002800FBF7CDFB10223949103104F5A07056
:108A4000FBF7C6FB3820D1E7364931F81900FBF7B0
:108A50003BFD07463449FBF718FC834631497A3120
:108A600051F8290006A903F0F5F95846FBF763FD14
:108A7000074688469DF820009DF81F109DF81E208F
:108A80009DF81D30CDE90232CDE904109DF81C108F
:108A90000698A0F5FA603A464346CDE9000123A1C5
:108AA00009A803F07FFB4FF0280A002529E00026E3
:108AB00022E009A8405D1749895D88421AD104EB7C
:108AC0000A00154A02EB06110A6802604968416013
:108AD00004F58C705044012101EB46010E4A02EB73
:108AE000C1010A680260496841600AF108001FFA82
:108AF00080FA03E0701CC6B2302EDAD300BF681CC7
:108B0000C5B209A8FBF788FBA842D0D850466DE74C
:108B100083E00008B2DC0008E3DC0008D004002099
:108B200053E40008D60900200000204125302E31F2
:108B3000666D732025642F25642F25642025643AF3
:108B400025643A2564200000F0B595B0044600265F
:108B50000025002720210DA8FBF753FB142108A8AE
:108B6000FBF74FFB102291492046FBF731FB102207
:108B70008E49103104F58C70FBF72AFB10228C49CA
:108B800004F11000FBF724FB10228949103104F591
:108B90009470FBF71DFB10228549203104F1200061
:108BA000FBF716FB10228249303104F59C70FBF76D
:108BB0000FFB00BF19E07F48805D3A2813D17E4942
:108BC00001EB06100168216340686063012000EB3F
:108BD0004600794901EBC0010A68C4F84821496898
:108BE000C4F84C1103E0701CC6B2302EE3D300BFB2
:108BF0007248406878B91022714904F13800FBF7D7
:108C0000E7FA10226E49103104F5A870FBF7E0FA7C
:108C1000582015B0F0BD694842786AA10DA803F04C
:108C2000C1FA3827002627E0002520E00DA8805D46
:108C30006049495D884218D1E0195F4A02EB05118D
:108C40000A6802604968416004F58C70384401216B
:108C500001EB4501584A02EBC1010A68026049680C
:108C6000416007F1080087B203E0681CC5B2302DEF
:108C7000DCD300BF701CC6B20DA8FBF7CDFAB04222
:108C8000D2D8E01910225049FBF7A2FA04F58C71F2
:108C9000C81910224C491031FBF79AFA07F110005D
:108CA00087B220210DA8FBF7ACFA4448827847A18F
:108CB0000DA803F077FA002627E0002520E00DA894
:108CC000805D3C49495D884218D1E0193A4A02EB7F
:108CD00005110A6802604968416004F58C703844E7
:108CE000012101EB4501344A02EBC1010A6802602F
:108CF0004968416007F1080087B203E0681CC5B20B
:108D0000302DDCD300BF701CC6B20DA8FBF784FA6F
:108D1000B042D2D82949486805A903F09BF89DF8CC
:108D20001C009DF81B109DF81A209DF81930CDE904
:108D30000032CDE902109DF818300598A0F5FA62CE
:108D400024A108A803F02EFA002627E0002520E041
:108D500008A8805D1749495D884218D1E019164A74
:108D600002EB05110A6802604968416004F58C70E5
:108D70003844012101EB45010F4A02EBC1010A68A9
:108D800002604968416007F1080087B203E0681C8F
:108D9000C5B2302DDCD300BF701CC6B208A8FBF7EB
:108DA0003BFAB042D2D8384633E7000043E100082E
:108DB000D3E30008B2DC0008E3DC0008D0040020A4
:108DC00053E400082564000063E0000820256425C2
:108DD000250000002025642F25642F2564202564AC
:108DE0003A25643A256420002DE9F04F91B00446FD
:108DF00000250026A946AA46202109A8FBF701FA6A
:108E0000AB4610226D492046FBF7E2F910226B4970
:108E1000103104F58C70FBF7DBF910226749203123
:108E200004F11000FBF7D4F910226449303104F545
:108E30009470FBF7CDF900BF19E06148405D3A2816
:108E400013D1604901EB051001682162406860623E
:108E5000012000EB45005B4901EBC0010A68C4F842
:108E600038214968C4F83C1103E0681CC5B2302DB4
:108E7000E3D300BF544890F8710680B910225349DB
:108E800004F12800FBF7A4F910225049103104F531
:108E9000A070FBF79DF9382011B0BDE8F08F0025D8
:108EA0000EE04B4830F8150042F21071884204DDA4
:108EB00009F1010000F0FF0900E006E0681CC5B2FE
:108EC000414890F87106A842EBDC00BF3E4890F89C
:108ED000710648450EDC10223C4904F12800FBF7DE
:108EE00077F910223949103104F5A070FBF770F9B9
:108EF0003820D1E7364931F81900FBF7E5FA074683
:108F00003449FBF7C2F983463149B63151F829009B
:108F100006A902F09FFF5846FBF70DFB074688465F
:108F20009DF820009DF81F109DF81E209DF81D3013
:108F3000CDE90232CDE904109DF81C100698A0F589
:108F4000FA603A464346CDE9000123A109A803F09F
:108F500029F94FF0280A002529E0002622E009A877
:108F6000405D1749895D88421AD104EB0A00154A11
:108F700002EB06110A6802604968416004F58C70D2
:108F80005044012101EB46010E4A02EBC1010A687F
:108F90000260496841600AF108001FFA80FA03E0A4
:108FA000701CC6B2302EDAD300BF681CC5B209A847
:108FB000FBF732F9A842D0D850466DE7C3E000086D
:108FC000B2DC0008E3DC0008D004002053E4000811
:108FD000120A00200000204125302E31666D7320DA
:108FE00025642F25642F25642025643A25643A25BD
:108FF0006420000070B5044600253C48016A2160E9
:10900000406A606039498A6AC4F81821C96AC4F89C
:109010001C1137480169A1604069E06034498A69E0
:10902000C4F82021C969C4F8241130488038016D82
:109030002161406D60612D4980398A6DC4F8282115
:10904000C96DC4F82C112A48016CA161406CE06123
:1090500027498A6CC4F83021C96CC4F834112348FC
:10906000016B2162406B606220498A6BC4F8382131
:10907000C96BC4F83C11282510221E4904F12800B0
:10908000FBF7A6F810221B49103104F5A070FBF77E
:109090009FF810221749203104F13800FBF798F8A7
:1090A00010221449303104F5A870FBF791F8102212
:1090B0001049403104F14800FBF78AF810220D49AD
:1090C000503104F5B070FBF783F810220949603184
:1090D00004F15800FBF77CF810220649703104F5C2
:1090E000B870FBF775F86825284670BDE3DD000809
:1090F000E3DC0008E3DF000830B5AFB0B82101A819
:10910000FBF77FF80024002513480078C0F34002E5
:1091100029466D1C01A8425400BF14E00E48801D72
:1091200030F8240002122846691CCDB201A90A5465
:109130000948801D10F824202846691CCDB201A9D9
:109140000A54601CC4B25A2CE8DBB52201A90220E3
:1091500001F0D0FA2FB030BD5810002030B5ADB0BE
:10916000B4216846FBF74DF80024002500BF14E049
:109170000E4800EB8400408802122846691CCDB2DC
:109180000DF80020094800EB840082782846691C0D
:10919000CDB20DF80020601CC4B25A2CE8DBB4221A
:1091A0006946042001F0A6FA2DB030BD5E10002003
:1091B0002DE9F04F95B00646894600250024A246C9
:1091C000A34600201390342106A8FBF71AF81423B5
:1091D0004A465AA106A802F0E5FF00BF2AE0002493
:1091E00021E006A810F80A005649095D884218D106
:1091F0007019554A02EB04110A680260496841601F
:1092000006F58C702844012101EB44014E4A02EB23
:10921000C1010A6802604968416005F1080085B231
:1092200003E0601CC4B2302CDBD300BF0AF10100A4
:1092300000F0FF0A06A8FAF7EFFF5045CFD8342117
:1092400006A8FAF7DEFF414800EB890040884FF698
:10925000FF71884204D03D4800EB8900408880B906
:10926000701910223A49FAF7B3FF06F58C714819C4
:10927000102237491031FAF7ABFF05F1100085B223
:1092800057E0344931F81900FBF734F9074600225A
:10929000314BFBF7AAF8CDE904012C4901EB890118
:1092A0004988A1F5FA70FBF714F907462B4A2C4BB5
:1092B000FBF729F8CDE90201DDE90401CDE9000160
:1092C00028A106A8DDE9022302F06CFF4FF0000A96
:1092D0002AE0002421E006A810F80A001949095DD7
:1092E000884218D17019184A02EB04110A6802600A
:1092F0004968416006F58C702844012101EB440166
:10930000114A02EBC1010A6802604968416005F137
:10931000080085B203E0601CC4B2302CDBD300BF70
:109320000AF1010000F0FF0A06A8FAF775FF5045A0
:10933000CFD8284615B0BDE8F08F000025642F2552
:10934000643A0000B2DC0008E3DC00085E10002094
:1093500053E400080212002000408F409A99999926
:109360009999B93F25302E31662025302E3366007D
:1093700010B5FDF77DF801F033FB10BD08B50020F6
:1093800000900548007800F0010000900122694635
:10939000104601F0AFF908BD5810002010B50823A1
:1093A00003221021104803F0F3FD10230322194675
:1093B0000D4803F0EDFD0223032210210A4803F0BB
:1093C000E7FD012303221021074803F0E1FD0820F7
:1093D0000549143108601020091F08600220086048
:1093E0000120091D086010BD000C014000BFFEE710
:1093F0000348807820F008000830014988707047E1
:109400005810002030B5ADF50D7D00254FF40C71DE
:1094100001A8FAF7F6FE00244D480078C0F380005A
:1094200058B14C48007840B14948007820F0040019
:10943000474908700020474908704648007810B135
:1094400001286FD11EE0002043490880434908707D
:109450004349088043490870FDF756F9FDF7A8FE17
:10946000282101A8FFF72AF804463B480388022276
:10947000214601A800F0C4FC36480078401C35495C
:10948000087061E0FEF73AFB0546092D21D2DFE8BE
:1094900005F01B050C131A1C1D1E1F003248334912
:1094A000086000202B49087014E031482F490860FB
:1094B0000020284908700DE02E482C490860002043
:1094C0002449087006E005E000BF00BF00BF00BFF0
:1094D00000E000BF00BF2148007820B32148007899
:1094E000401C20490870084600781E282ADB00200E
:1094F000087019480088401C17490880282101A8D5
:10950000FEF7DCFF044614480088A04202DB00207E
:1095100011490880104803880222214601A800F062
:109520006FFC0FE00FE00E480088401C0C490880DB
:1095300008460088B0F57A7F04DB0020088001200F
:109540000649087000E000BF00BF0DF50D7D30BD7D
:109550000C0000205E00002060000020620000205F
:109560006400002066000020555400081C00002004
:109570001D9F0008CD9C000810B532480078C0F34C
:10958000800000285DD030480078E0B94FF4804179
:109590002E4803F053FD18B100202D49088004E047
:1095A0002B480088401C2A490880294800880A283E
:1095B00047DB0020264908800A2026490880012030
:1095C000214908703DE024480078F0B9214800881E
:1095D000401C204908804FF480411C4803F02EFDB8
:1095E00028B11B480088401C1949088002E000206F
:1095F00017490880164800880A2822DB00201449F1
:1096000008800120144908701BE01248008840F2CD
:10961000DC51884203DB07201049087002E0032078
:109620000E4908700748007820F0040005490870CA
:109630000020084908800649088003490870064947
:10964000087010BD3C0300204C030020000C0140BA
:109650004E030020500300204D0300203E03002055
:1096600010B532480078C0F3400000285DD0304883
:109670000078E0B94FF400512E4803F0DFFC18B138
:1096800000202D49088004E02B480088401C2A490E
:109690000880294800880A2847DB002026490880DE
:1096A0000A20264908800120214908703DE024480D
:1096B0000078F0B921480088401C204908804FF408
:1096C00000511C4803F0BAFC28B11B480088401C1C
:1096D0001949088002E000201749088016480088D0
:1096E0000A2822DB00201449088001201449087050
:1096F0001BE01248008840F2DC51884203DB062060
:109700001049087002E002200E49087007480078EE
:1097100020F0020005490870002008490880064929
:109720000880034908700649087010BD3C030020FA
:1097300046030020000C0140480300204A0300209B
:10974000470300203E03002010B532480078C0F3E4
:10975000C00000285DD030480078E0B94FF40041E7
:109760002E4803F06BFC18B100202D49088004E05E
:109770002B480088401C2A490880294800880A286C
:1097800047DB0020264908800A202649088001205E
:10979000214908703DE024480078F0B9214800884C
:1097A000401C204908804FF400411C4803F046FC4F
:1097B00028B11B480088401C1949088002E000209D
:1097C00017490880164800880A2822DB002014491F
:1097D00008800120144908701BE01248008840F2FC
:1097E000DC51884203DB08201049087002E00420A5
:1097F0000E4908700748007820F0080005490870F5
:109800000020084908800649088003490870064975
:10981000087010BD3C03002052030020000C0140E2
:109820005403002056030020530300203E03002071
:1098300010B53248007800F0010000285DD03048B3
:109840000078E0B94FF480512E4803F0F7FB18B1CF
:1098500000202D49088004E02B480088401C2A493C
:109860000880294800880A2847DB0020264908800C
:109870000A20264908800120214908703DE024483B
:109880000078F0B921480088401C204908804FF436
:1098900080511C4803F0D2FB28B11B480088401CB3
:1098A0001949088002E000201749088016480088FE
:1098B0000A2822DB0020144908800120144908707E
:1098C0001BE01248008840F2DC51884203DB05208F
:1098D0001049087002E001200E490870074800781E
:1098E00020F0010005490870002008490880064959
:1098F0000880034908700649087010BD3C03002029
:109900003F030020000C01404203002044030020DC
:10991000400300203E03002010B51048007818B91D
:1099200008200F49086001E000F0C8FC0B484078AF
:1099300038B902200A49091F08600120091D086082
:109940000BE006484078022805D10549086001204F
:10995000091F086001E0FCF721F810BDFC1200208F
:10996000140C014010B572B64FF48041480303F067
:10997000DBFC62B603F03AFE00F030FF03F068FC57
:10998000FCF72AFE02F082FAFFF708FD02F018FA4F
:10999000074B08A20AA10DA002F0F4FB02F06EF939
:1099A00002F076F8FBF7F0F900F0F8FC10BD0000CB
:1099B0001000002032313A32393A353300000000CD
:1099C0004175672032362032303236004469737078
:1099D0006C617920626F617264206170700D0A425F
:1099E00075696C642054696D653A20257320257370
:1099F0000D0A56657273696F6E3A2025730D0A0061
:109A00002DE9F043ADF6C40D00264FF40C710DF2B4
:109A10009460FAF7F6FB4FF40C710DF26440FAF71C
:109A2000F0FB4FF40C718DA8FAF7EBFB4FF40C71BF
:109A300001A8FAF7E6FB002400270025A046A1466E
:109A400097480078C0F3800058B19648007840B13C
:109A50009348007820F00400914908700020914953
:109A600008709048007810B101287DD148E00020AE
:109A70008D4908808D4908808D4908808D4908707E
:109A80008D4908808D490870FCF73EFE00210DF2DB
:109A90009460FEF7D5FD04468348038800222146E2
:109AA0000DF2946000F0ACF902210DF26440FEF773
:109AB000C7FD07467D480388022239460DF26440FF
:109AC00000F09EF904218DA8FEF7BAFD05467848FE
:109AD0000388042229468DA800F092F9062101A8E6
:109AE000FEF7AEFD8046764803880622414601A86F
:109AF00000F086F96B480078401C6A490870C9E09C
:109B0000FDF7FCFF0646092E15D2DFE806F00F052B
:109B100006070E10111213000EE00DE069486A49A5
:109B2000086000205F49087006E005E000BF00BF44
:109B300000BF00BF00E000BF00BF5E480078002803
:109B40007ED05E480078401C5C490870084600786A
:109B50001E2876DB0020087053480088401C5249BC
:109B600008805248008800E093E0401C4F4908807C
:109B70004F480088401C4E4908804FF40C710DF28C
:109B80009460FAF73EFB4FF40C710DF26440FAF763
:109B900038FB4FF40C718DA8FAF733FB4FF40C71BE
:109BA00001A8FAF72EFB00210DF29460FEF748FDA4
:109BB000044602210DF26440FEF742FD07460421EF
:109BC0008DA8FEF73DFD0546062101A8FEF738FDEC
:109BD0008046AC4201DB204600E028468146802CCE
:109BE00001DD484600E020460446802D01DD484660
:109BF00000E0284605462C480088A04202DB0020F1
:109C00002949088029480088B84202DB00202749FA
:109C1000088027480088A84202DB002024490880E9
:109C200027480088404502DB0020254908801E485F
:109C30000388002221460DF2946000F0E1F801E073
:109C400017E025E019480388022239460DF26440E6
:109C500000F0D6F816480388042229468DA800F0A3
:109C6000CFF8174803880622414601A800F0C8F83B
:109C70000EE011480088401C0F4908800846008803
:109C8000B0F57A7F04DB00200880012009490870C4
:109C900000E000BF00BF0DF6C40DBDE8F08300007A
:109CA0000C000020220000202400002026000020BC
:109CB000280000202C0000202E0000203000002072
:109CC0002A000020CD9C00081C00002010B50024B4
:109CD00043480078C0F3800058B14248007840B152
:109CE0003F48007820F004003D49087000203D49BD
:109CF00008703C48007810B101286DD10CE00020BC
:109D0000FCF702FD38480078FDF7A8FA35480078DE
:109D1000401C3449087060E0FDF7F0FE0446092C51
:109D200057D2DFE804F0480516272E494A4B4C006D
:109D30002D480078012805DD2B480078401E2A496F
:109D4000087002E0032028490870002025490870A7
:109D500040E025480078032805DA23480078401CB5
:109D60002149087002E001201F49087000201D49A8
:109D700008702FE001201C49087000201949087064
:109D800028E019480078012803D1184818490860CC
:109D90000AE015480078022803D1164814490860E3
:109DA00002E015481249086000200E4908700120A1
:109DB0000D4908700EE00DE00CE00BE00AE00F48E2
:109DC0000B49086000200749087001200649087007
:109DD00000E000BF00BF00E000BF00BF10BD0000FA
:109DE0000C0000203C0000203D0000201D9F0008CA
:109DF0001C000020E15C000881490008019A00086D
:109E00002DE9F04706460D46914698464FF0000A68
:109E1000802D4CDBA5EB0800802801DD802001E0CF
:109E2000A5EB080000F0FF0A484601F026FC0220DE
:109E300001F006FC002406E004EB0801705C02F06F
:109E400085F9601CC4B25445F6DB802C0ADA002781
:109E500004E0F05D02F07AF9781CC7B2C4F180002A
:109E6000B842F6DC09F10101C8B201F006FC02209B
:109E700001F0E6FB002408E004EB080206F58C7113
:109E8000885C02F063F9601CC4B25445F4DB802C9A
:109E900041DA002706E006F58C71C85D02F056F93C
:109EA000781CC7B2C4F18000B842F4DC33E0484605
:109EB00001F0E3FB022001F0C3FB002404E0305D6D
:109EC00002F044F9601CC4B2AC42F8DBECB204E02E
:109ED000002002F03BF9601CC4B2802CF8DB09F1D1
:109EE0000101C8B201F0C9FB022001F0A9FB002466
:109EF00006E006F58C71085D02F028F9601CC4B21A
:109F0000AC42F6DBECB204E0002002F01FF9601C6A
:109F1000C4B2802CF8DBBDE8F08700002DE9F043E7
:109F2000ADF6C40D4FF000094FF40C710DF29460C2
:109F3000FAF767F94FF40C710DF26440FAF761F922
:109F40004FF40C718DA8FAF75CF94FF40C7101A86D
:109F5000FAF757F9002500260027A8460024834871
:109F6000007810B101287DD140E0002080490880B0
:109F7000804908708049087080490880FCF7C4FB5C
:109F80000DF29460FFF736F8804679480388002286
:109F900041460DF29460FFF733FF0DF26440FEF787
:109FA000CDFC054672480388022229460DF2644022
:109FB000FFF726FF8DA8FEF717FF06466C480388BB
:109FC000042231468DA8FFF71BFF01A8FEF7BCFD58
:109FD0000746674803880622394601A8FFF710FFA5
:109FE00062480078401C61490870B9E0FDF786FDC1
:109FF0008146B9F1090F21D2DFE809F01B050C13E6
:10A000001A1C1D1E1F005E485E490860002057494B
:10A01000087014E05C485B490860002053490870F0
:10A020000DE05A485749086000205049087006E082
:10A0300005E000BF00BF00BF00BF00E000BF00BFE1
:10A040004D48007800287AD04A480078401C494999
:10A050000870084600781E286FDB4FF40C710DF273
:10A06000946000E07BE0FAF7CCF84FF40C710DF24D
:10A070006440FAF7C6F84FF40C718DA8FAF7C1F8EE
:10A080004FF40C7101A8FAF7BCF8002039490870A8
:10A0900037480088401C364908800DF29460FEF76E
:10A0A000A9FF80460DF26440FEF748FC05468DA8E6
:10A0B000FEF79AFE064601A8FEF746FD0746B542A2
:10A0C00001DB284600E030460446BC4201DB204666
:10A0D00000E038460446444501DB204600E04046A7
:10A0E0000446802C00DA8024254626462746A046D2
:10A0F0001F480088A04202DB00201D4908801C4840
:10A100000388002241460DF29460FFF779FE18485B
:10A110000388022229460DF26440FFF771FE1448BD
:10A120000388042231468DA8FFF76AFE1048038891
:10A130000622394601A8FFF763FE0FE0FFE70F484C
:10A140000088401C0D49088008460088B0F57A7FD9
:10A1500004DB0020088001200749087000E000BFF0
:10A1600000BF0DF6C40DBDE8F08300007F000020A5
:10A170008200002080000020840000208600002053
:10A18000059400081C000020F9560008CD9C00082A
:10A1900000BFFEE770B502460B464FF6FF70002188
:10A1A00000BF09E0C4B2555C6540054E36F8155055
:10A1B00085EA10204D1CA9B29942F3DB70BD000066
:10A1C000900000207047000010B5044640F20531B1
:10A1D0000E4803F0E3FB0E480078401C0C49087061
:10A1E00040F20531094803F0E6FB0A48017800789F
:10A1F000401C084A10700848445410460078FF2854
:10A2000002D100201146087010BD00000038014046
:10A210003703002036030020841400200348007810
:10A22000002801DD012070470020FCE737030020F3
:10A2300010B500241148007800281DDD1048017871
:10A240000078401C0E4A10700E48445C104600789E
:10A25000FF2802D100201146087040F205310A485B
:10A2600003F09CFB05480078401E0449087040F24A
:10A270000531054803F09FFB204610BD3703002041
:10A2800035030020841400200038014070B50546D5
:10A290000E46002400BF0CE0295D074803F00DFBCB
:10A2A00000BF0721044803F05AFB0028F9D0601CC6
:10A2B000C4B2B442F0DB70BD0038014016480078EB
:10A2C000012803D1C8201549088003E04FF47A70B3
:10A2D0001249088012480088401C1149088008462D
:10A2E00000880E490988884215DB00200C49088047
:10A2F0000C48007818B108200B49086003E00820DA
:10A300000949091F08600748007808B9012000E0E2
:10A310000020044908707047FC120020260300202A
:10A320002403002028030020140C014004488078F6
:10A3300020F020000249887000204870704700001B
:10A34000581000200348807820F020002030014978
:10A35000887070475810002010B54FF40073032226
:10A3600010210D4802F014FE4FF4806303221021E7
:10A37000094802F00DFE4FF4006303221021064845
:10A3800002F006FE4FF400700349103108604000EF
:10A3900008604000086010BD0008014010B5FFF7DC
:10A3A000DBFF01F09BFB00F001F810BD10B564204D
:10A3B00002F07AFB4FF4007020490860642002F03C
:10A3C00073FB4FF400701D49091F0860642002F000
:10A3D0006BFBAE2001F00AF9802001F0F5F83F2078
:10A3E00001F016F9002001F0F8F8002001F03EF924
:10A3F000102001F0C8F8022001F0BCF8A12001F003
:10A4000019F9C82001F0D1F8122001F0C5F8FF2099
:10A4100001F0D1F8222001F004F9402001F034F9D4
:10A42000A42001F0E9F8A62001F0ECF80020FCF7E8
:10A430006BF9AF2001F0DAF810BD000014080140FC
:10A4400010B504484078062801D1FCF7A1F800BFF8
:10A4500000BF10BDE813002010B500200A490870A5
:10A46000012048700020887096210748C01CF9F729
:10A47000C8FE0020044981F89900A1F89A00034918
:10A480000870488010BD0000E81300202E03002053
:10A4900010B50A48007801280FD109480088401CEF
:10A4A0000749088008460088B0F5967F05DB002044
:10A4B00008800449087000F00FF810BD2E0300203A
:10A4C00032030020E8130020012002490870002018
:10A4D000488070472E030020002002490870488001
:10A4E000704700002E03002010B511480088401C62
:10A4F0000F49088004E0FFF79BFE044602F00AFEC5
:10A50000FFF78CFE0028F6D10A48407820B10020E1
:10A5100007490880012010BD05480088B0F5967FE6
:10A5200004DB0020024908800220F4E70020F2E763
:10A53000AC020020500D00207047000010B5002430
:10A5400000BF0EE0094810F83400094989788842B4
:10A5500005D1064901EBC4014868804703E0601C4F
:10A56000C4B20B2CEED300BF10BD0000C40200200B
:10A570002C12002010B5044600F010F9574800785E
:10A58000082876D2DFE800F0041C334157768A961B
:10A5900000205249487081F8CC00514908705A2C6B
:10A5A0000DD101204D49087000204E490870084621
:10A5B00001780078401C4B4A10704B4844548BE0A3
:10A5C000032C10DB45484470E01E4549087002200A
:10A5D00042490870434801780078401C414A107095
:10A5E0004148445402E000203C49087074E03B4874
:10A5F00084700320394908703A4801780078401C7B
:10A60000384A10703848445466E03448C4703548BD
:10A6100001780078401C334A1070334844542F4866
:10A620004078032803D105202C49087002E004205B
:10A630002A49087050E0294890F8CC1090F8CC00D6
:10A64000401C264A82F8CC00101D4454254801784D
:10A650000078401C234A1070234844542048007856
:10A66000401EC0B21E49087010B905201B49087071
:10A6700032E030E01B4801781B48FFF78BFD1B4997
:10A68000088008460088B4EB202F03D10620134928
:10A69000087002E00020114908701DE0134800789E
:10A6A000A04203D107200D49087002E000200B49A9
:10A6B000087011E05B2C0AD10D48007820F00200F0
:10A6C000801C0B49087000F061F8FFF737FF00208D
:10A6D0000249087000E000BF00BF10BD2C1200202E
:10A6E0001C0300201D030020201300201E03002057
:10A6F0000C0000202DE9F041C0B006468846154602
:10A700004FF480716846F9F77CFD002400275A2237
:10A710002146641C0DF80120E81CC2B22146641CCD
:10A720000DF8012046F080022146641C0DF801203E
:10A7300001222146641C0DF80120002D07DD0DEBE0
:10A7400004002A464146F9F743FD6019C4B2214688
:10A750006846FFF71FFD07463A122046611CCCB23F
:10A760000DF80020FAB22046611CCCB20DF8002092
:10A770005B222046611CCCB20DF8002021466846C1
:10A78000FAF716FE40B0BDE8F08100000020024953
:10A790000870488070470000C00200200120024974
:10A7A0000870002048807047C002002009480078E7
:10A7B00078B108484088401C0649488008464088CF
:10A7C000B0F5967F05DB00204880034908700149F9
:10A7D00008707047C00200202C12002010B54FF402
:10A7E000C06002F03DFE40F2036002F039FE40F22C
:10A7F000026002F035FE40F20E6002F031FE0121EF
:10A80000042002F023FC40F2127002F029FE40F214
:10A810000C6002F025FE0121014802F017FC10BD7A
:10A820000002300010B50446FFF74EFE3E480078A7
:10A83000082872D2DFE800F0040E1A2637525C6650
:10A8400000203949887081F899005A2C01D10120E3
:10A85000087066E03548007FA04203D102203249EB
:10A86000087002E00020304908705AE0072C05DC2F
:10A870002D48447003202C49087002E000202A492A
:10A8800008704EE028488470E01E29490870084688
:10A890000078002803DD04202349087002E0052029
:10A8A000214908703DE022480078002815DD1E4847
:10A8B00090F8991090F89900401C1B4A82F8990072
:10A8C000D01C44541A480078401E194908700846A4
:10A8D000007810B905201146087022E0FF2C03D142
:10A8E00006201149087002E000200F49087018E0A6
:10A8F000FF2C03D107200C49087002E000200A4910
:10A9000008700EE05B2C03D1FFF79AFDFFF7E4FD22
:10A9100000200549087004E0FFE7002002490870A4
:10A9200000BF00BF10BD0000E81300208416002007
:10A9300034030020F0B5A7B007460D46982101A8C2
:10A94000F9F75FFC002400265A222146641C01A866
:10A9500042541948407840F080022146641C01A806
:10A960004254E81CC2B22146641C01A84254002D86
:10A970000BDD00BF07E0BA5D2046611CCCB201A927
:10A980000A54701CC6B2AE42F5DBFF222046611CA1
:10A99000CCB201A90A542046611CCCB201A90A54C8
:10A9A0005B222046611CCCB201A90A54214601A8B1
:10A9B000FAF7FEFC27B0F0BDE813002010B50748F9
:10A9C000407818B105484078012806D103488078BE
:10A9D00000F0010008B1FAF78FFA10BD58100020FE
:10A9E00010B5002400BF05E0044951F82400804759
:10A9F000601CC4B2052CF7DB10BD000094020020DF
:10AA000010B50748407818B105484078062806D1A7
:10AA100003488078C0F3401008B1FAF7A3FA10BDDC
:10AA20005810002010B50748407818B10548407804
:10AA3000022806D103488078C0F3400008B1FAF735
:10AA4000D1FA10BD5810002010B50748407818B151
:10AA500005484078032806D103488078C0F3800079
:10AA600008B1FAF74FFB10BD5810002010B5074889
:10AA7000407818B105484078072806D10348807807
:10AA8000C0F3801008B101F05FFA10BD581000202B
:10AA900070471CB50020009001900024A1208DF883
:10AAA000000003208DF8010000208DF802008DF8D1
:10AAB00003008DF8040001208DF80500062168468A
:10AAC000FFF768FB0446E0B28DF8060020128DF80F
:10AAD000070008216846FFF7D9FB1CBD10B50648E2
:10AAE000007820F00200801C034908700022114603
:10AAF0000920FFF7FFFD10BD0C0000207CB50020F1
:10AB00000090019000251448848845F2E836142C02
:10AB100000DB1424A1208DF8000003208DF8010033
:10AB200030128DF80200F0B28DF8030020128DF87B
:10AB30000400E0B28DF8050006216846FFF72AFB05
:10AB40000546E8B28DF8060028128DF807000821A6
:10AB50006846FFF79BFB7CBD5810002010B52D48C0
:10AB600000792D4988702B48407901062948807961
:10AB700001EB00412748C07901EB00212548007A0C
:10AB80000844254948600F222249093122480830EB
:10AB9000F9F71EFB204917311E4882690A60808B35
:10ABA00088801C48807F0006173908620846016AC1
:10ABB0001848C07F01EB0040174908620846016A47
:10ABC000144890F8200001EB002013490862084661
:10ABD000016A104890F8210008440F4908620D48A6
:10ABE00090F8220008700B4890F82300487000226B
:10ABF00011460A20FFF77EFD0848007F0649897844
:10AC0000884205D0044880780449087700F088FF1E
:10AC100010BD00002C120020FC1200208416002021
:10AC20001CB50020009001900024A1208DF80000A8
:10AC300003208DF8010000208DF8020003208DF81C
:10AC4000030000208DF8040001208DF80500062186
:10AC50006846FFF79FFA0446E0B28DF8060020121E
:10AC60008DF8070008216846FFF710FB1CBD0000A7
:10AC700070B51F4805798179407901EB002084B2D5
:10AC80001B48C07901061A48007A01EB00411848B8
:10AC9000407A01EB00211648807A0E183246214690
:10ACA0002846FBF71FFB002211460720FFF722FD75
:10ACB00075B91048B0F87606A04217DA0D48B0F81A
:10ACC000760698B1324621462846FBF70BFA0DE08E
:10ACD0000848B0F87406A04208DA0648B0F87406CE
:10ACE00020B1324621462846FBF7FCF970BD000032
:10ACF0002C120020D00400202DE9FC410446002045
:10AD0000009001900027204880884FF6FF7101EAEB
:10AD100040054FF48076B42D00DBB4251A488088B6
:10AD20004100601CB1EB801F01DD402505E01648A5
:10AD300080884000A0EB841085B206EB841086B2B8
:10AD4000A1208DF8000003208DF8010030128DF84D
:10AD50000200F0B28DF8030028128DF80400E8B26A
:10AD60008DF8050006216846FFF714FA0746F8B289
:10AD70008DF8060038128DF8070008216846FFF7A5
:10AD800085FABDE8FC810000581000202DE9FC4147
:10AD9000044600200090019000271D4885884FF44C
:10ADA000A0465A2D00DB5A2519488188601CB1EB5A
:10ADB000801F01DD402504E015488088A0EB841049
:10ADC00085B206EB841086B2A1208DF80000032026
:10ADD0008DF8010030128DF80200F0B28DF80300FA
:10ADE00028128DF80400E8B28DF8050006216846A7
:10ADF000FFF7D0F90746F8B28DF8060038128DF843
:10AE0000070008216846FFF741FABDE8FC81000011
:10AE10005810002010B51048007940B20F4981F851
:10AE200072060D48407981F873060B48C179807924
:10AE300001EB00200949A1F876060748417A007A1B
:10AE400001EB00200549A1F87406002211460820F4
:10AE5000FFF750FC10BD00002C120020D004002091
:10AE600070B5FE4806790124002506F0010000288F
:10AE700069D02046611CCCB2F849091D085C00026B
:10AE800005B22046611CCCB2F449091D085C284477
:10AE900005B20A2095FBF0F040B2F14981F8BD00FF
:10AEA0002046611CCCB2ED49091D085C0006EC4946
:10AEB000C1F8C4000846D0F8C4202046611CCCB2BA
:10AEC000E649091D085C02EB0040E549C1F8C400F1
:10AED0000846D0F8C4202046611CCCB2DF49091DC9
:10AEE000085C02EB0020DE49C1F8C4000846D0F837
:10AEF000C4202046611CCCB2D849091D085C10440E
:10AF0000D749C1F8C400084690F8600438B908462B
:10AF1000D0F8C42090F9BD100020FBF7A1F8D0486C
:10AF200090F97206CE4991F9BD1088420BDACC48EF
:10AF300090F8720638B1CA48D0F8C42090F9BD1014
:10AF40000120FBF713F906F00200002864D0204628
:10AF5000611CCCB2C149091D085C000205B2204643
:10AF6000611CCCB2BD49091D085C284405B20A2009
:10AF700095FBF0F041B2BA4880F8BE102046611C43
:10AF8000CCB2B649091D085C0106B548C0F8C81026
:10AF9000D0F8C8202046611CCCB2B049091D085C1D
:10AFA00002EB0041AE48C0F8C810D0F8C8202046D7
:10AFB000611CCCB2A949091D085C02EB0021A8481C
:10AFC000C0F8C810D0F8C8202046611CCCB2A349F4
:10AFD000091D085C1118A248C0F8C81090F8610457
:10AFE00038B99F48D0F8C82090F9BE100120FBF76F
:10AFF00037F89B4890F9721690F9BE0081420BDA3F
:10B00000974890F8720638B19548D0F8C82090F962
:10B01000BE100120FBF7AAF806F00400002864D057
:10B020002046611CCCB28D49091D085C000205B2A6
:10B030002046611CCCB28949091D085C284405B230
:10B040000A2095FBF0F041B2854880F8BF102046F9
:10B05000611CCCB28149091D085C01068048C0F81A
:10B06000CC10D0F8CC202046611CCCB27B49091D05
:10B07000085C02EB00417A48C0F8CC10D0F8CC2034
:10B080002046611CCCB27549091D085C02EB002109
:10B090007348C0F8CC10D0F8CC202046611CCCB24C
:10B0A0006E49091D085C11186D48C0F8CC1090F865
:10B0B000620438B96A48D0F8CC2090F9BF10022059
:10B0C000FAF7CEFF664890F9721690F9BF008142F8
:10B0D0000BDA634890F8720638B16148D0F8CC209A
:10B0E00090F9BF100120FBF741F806F00800002896
:10B0F00064D02046611CCCB25849091D085C00028E
:10B1000005B22046611CCCB25449091D085C284494
:10B1100005B20A2095FBF0F041B2514880F8C0100A
:10B120002046611CCCB24D49091D085C01064C4803
:10B13000C0F8D010D0F8D0202046611CCCB24749CE
:10B14000091D085C02EB00414548C0F8D010D0F85A
:10B15000D0202046611CCCB24049091D085C02EB9E
:10B1600000213F48C0F8D010D0F8D0202046611C04
:10B17000CCB23A49091D085C11183948C0F8D01002
:10B1800090F8630438B93648D0F8D02090F9C01050
:10B190000320FAF765FF324890F9721690F9C00063
:10B1A00081420BDA2E4890F8720638B12C48D0F85C
:10B1B000D02090F9C0100120FAF7D8FF06F0100057
:10B1C000002869D02046611CCCB22449091D085CC6
:10B1D000000205B22046611CCCB22049091D085C62
:10B1E000284405B20A2095FBF0F041B21C4880F8D3
:10B1F000C1102046611CCCB21849091D085C01062B
:10B200001748C0F8D410D0F8D4202046611CCCB226
:10B210001249091D085C02EB00411148C0F8D41026
:10B22000D0F8D4202046611CCCB20C49091D085C22
:10B2300002EB00210A48C0F8D410D0F8D4202046F0
:10B24000611CCCB20549091D085C11180448C0F8FE
:10B25000D41090F8640460B9014803E02C12002077
:10B26000D0040020D0F8D42090F9C1100420FAF7BF
:10B27000F7FEBE4890F9721690F9C10081420BDAD0
:10B28000BA4890F8720638B1B848D0F8D42090F98E
:10B29000C1100120FAF76AFF06F0200000285ED0F6
:10B2A0002046611CCCB2B249085C000205B22046BF
:10B2B000611CCCB2AE49085C284405B20A2095FB5B
:10B2C000F0F041B2A94880F8C2102046611CCCB20F
:10B2D000A749085C0106A548C0F8D810D0F8D820C6
:10B2E0002046611CCCB2A249085C02EB00419F4899
:10B2F000C0F8D810D0F8D8202046611CCCB29C49A8
:10B30000085C02EB00219948C0F8D8102146D0F81B
:10B31000D820601CC4B29648405C11189348C0F80D
:10B32000D81090F8650438B99048D0F8D82090F932
:10B33000C2100520FAF794FE8C4890F9721690F925
:10B34000C20081420BDA894890F8720638B187480A
:10B35000D0F8D82090F9C2100120FAF707FF06F0C4
:10B360004000002860D02046611CCCB28049085CB7
:10B37000000205B22046611CCCB27D49085C28441D
:10B3800005B20A2095FBF0F0784981F86604204662
:10B39000611CCCB27649085C00067449C1F86804A7
:10B3A0000846D0F868242046611CCCB27049085C7D
:10B3B00002EB00406D49C1F868040846D0F86824E3
:10B3C0002046611CCCB26A49085C02EB0020674948
:10B3D000C1F8680408462146D0F86824601CC4B24D
:10B3E0006348405C10446149C1F86804084690F81D
:10B3F000040530B90A46D2F8681492F86604FAF7E0
:10B4000003FE5A4890F87306584991F8661488422A
:10B410000ADA564890F8730630B1544AD2F86814E4
:10B4200092F86604FAF7B8FD06F0800000287DD097
:10B430002046611CCCB24E49085C000205B2204691
:10B44000611CCCB24A49085C284405B20A2095FB2D
:10B45000F0F0464908702046611CCCB24449085CB3
:10B46000000205B22046611CCCB24149085C284468
:10B4700005B20A2095FBF0F03C4948702046611C5B
:10B48000CCB23B49085C000205B22046611CCCB23C
:10B490003749085C284405B20A2095FBF0F033498F
:10B4A00088702046611CCCB23149085C00062F49E7
:10B4B0004860084642682046611CCCB22C49085CB2
:10B4C00002EB004029494860084642682046611C5A
:10B4D000CCB22749085C02EB0020244948600846AA
:10B4E00042682046611CCCB22149085C10441F49C7
:10B4F0004860084690F8BC0058B90846407840B10A
:10B500000846807828B10B465A6899785878FAF737
:10B5100065FE164890F972061449097888420CDADB
:10B52000124890F8720640B1104800E017E04268F7
:10B53000007841B20120FAF719FE0C4890F9720622
:10B540000A49497888420ADA084890F8720630B108
:10B5500006484268407841B20120FAF707FE00220F
:10B5600011460620FFF7C6F870BD0000D004002089
:10B570003012002010B50446202000F0CBFD2046FC
:10B5800000F0C8FD10BD10B504468D2000F0C2FDCE
:10B59000204600F0BFFD10BD10B50446DA2000F0D3
:10B5A000B9FD204600F0B6FD10BD10B5044620469A
:10B5B00000F0B0FD10BD10B50446812000F0AAFDDA
:10B5C000204600F0A7FD10BD10B50446D52000F0C0
:10B5D000A1FD204600F09EFD10BD10B50446D3200D
:10B5E00000F098FD204600F095FD10BD10B5044612
:10B5F000204600F08FFD10BD10B50446204600F037
:10B6000089FD10BD10B50446204600F083FD10BD35
:10B6100010B50446A82000F07DFD204600F07AFD1C
:10B6200010BD10B50446D92000F074FD204600F08E
:10B6300071FD10BD10B50446204600F06BFD10BD35
:10B6400070B504462546E11704EB11710911A4EB0E
:10B650000111C8B200F05EFD2546E11704EB11713F
:10B6600009111031C8B200F055FD70BD10B5044687
:10B6700044F0400000F04EFD10BD10B5044644F00B
:10B68000B00000F047FD10BD10B50446DB2000F00F
:10B6900041FD204600F03EFD10BD2DE9F05F04465F
:10B6A000884691461D46DDF828B0A81CC5B2002684
:10B6B00029E0002723E009EB0701C8B2FFF7DDFF0F
:10B6C000082101FB0651C8B2FFF7BAFF4FF0000A8C
:10B6D00010E0BBF1000F03D1207800F037FD04E04B
:10B6E0002178C943C8B200F031FD641C0AF10100A1
:10B6F00000F0FF0ABAF1080FEBDB781CC7B2022F8B
:10B70000D9DB701CC6B24645D3DBBDE8F09F2DE9FE
:10B71000F05F0446884615469946DDF828B0A81C17
:10B72000C5B2002629E0002723E008EB0701C8B2D4
:10B73000FFF7A3FF102101FB0651C8B2FFF780FFFE
:10B740004FF0000A10E0BBF1000F03D1207800F0A9
:10B75000FDFC04E02178C943C8B200F0F7FC641C8A
:10B760000AF1010000F0FF0ABAF1100FEBDB781CC0
:10B77000C7B2022FD9DB701CC6B24E45D3DBBDE881
:10B78000F09F00002DE9F043ADF6C40D4FF0000925
:10B790004FF40C710DF29460F8F733FD4FF40C7117
:10B7A0000DF26440F8F72DFD4FF40C718DA8F8F7F9
:10B7B00028FD4FF40C7101A8F8F723FD00250026A1
:10B7C0000027A8460024A9480078C0F3800058B19B
:10B7D000A748007840B1A548007820F00400A349AC
:10B7E00008700020A2490870A148007810B1012813
:10B7F00071D156E000209F4908809F4908709F49F9
:10B8000008709F490880FAF77FFF9E4800788006FD
:10B81000010E0DF29460FDF7CBFC054695480388B8
:10B82000002229460DF29460FEF7EAFA9548007866
:10B83000012202EB8000C1B20DF26440FDF7B8FCBA
:10B8400006468C480388022231460DF26440FEF71A
:10B85000D7FA8C480078022202EB8000C1B28DA892
:10B86000FDF7A6FC074683480388042239468DA8C5
:10B87000FEF7C6FA83480078032202EB8000C1B2CB
:10B8800001A8FDF795FC80467A48038806224146C8
:10B8900001A8FEF7B5FA76480078401C7449087094
:10B8A000DFE0FCF72BF98146B9F1090F31D2DFE86F
:10B8B00009F025051320242627282900714800783F
:10B8C000002804DD6F480078401E6E490870002093
:10B8D000674908701EE0C3E06A480078042804DA6B
:10B8E00068480078401C674908700020604908706B
:10B8F00010E000205E4908700CE00BE00AE009E06F
:10B9000008E007E060486149086000205849087075
:10B9100000E000BF00BF5948007800287DD056489D
:10B920000078401C54490870084600781E2875DBD2
:10B930004FF40C710DF29460F8F763FC4FF40C7146
:10B940000DF26440F8F75DFC4FF40C718DA8F8F728
:10B9500058FC4FF40C7101A8F8F753FC002046493D
:10B96000087044480088401C4249088045480078D7
:10B970008006010E0DF29460FDF71AFC0546414861
:10B980000078012202EB8000C1B20DF26440FDF7A5
:10B990000FFC06463B480078022202EB8000C1B251
:10B9A0008DA8FDF705FC074636480078032202EB18
:10B9B0008000C1B201A8FDF7FBFB8046B54201DB68
:10B9C000284600E030460446BC4201DB204600E049
:10B9D00038460446444501DB204600E04046044624
:10B9E000802C00DA8024254626462746A04621489A
:10B9F0000088A04202DB00201E4908801D48038801
:10BA0000002229460DF29460FEF7FAF919480388DE
:10BA1000022231460DF2644001E011E01FE0FEF722
:10BA2000EFF914480388042239468DA8FEF7E8F997
:10BA3000104803880622414601A8FEF7E1F90EE00E
:10BA40000F480088401C0E49088008460088B0F561
:10BA50007A7F04DB0020088001200849087000E09C
:10BA600000BF00BF0DF6C40DBDE8F0830C00002040
:10BA70003100002036000020340000203800002073
:10BA80003A00002033000020019A00081C0000202A
:10BA90001FB540F2017001F0E3FC0F4801F0C8FD52
:10BAA0006B20ADF800000020ADF80200ADF80400F6
:10BAB000632002900020ADF80C008DF80E0069465E
:10BAC000054801F029FE0121034801F099FE0121FA
:10BAD000014801F091FE1FBD0004004010B54FF475
:10BAE0008073032210210D4801F052FA4FF4807147
:10BAF0000A4801F0FFF9202303221021074801F032
:10BB000047FA802303221021044801F041FA202043
:10BB10000249143108608020086010BD000801400F
:10BB200010B524210348F9F7C3F90249486200F02F
:10BB300095FA10BD8416002010B54FF4B671044874
:10BB4000F9F7B6F90249C1F86C0100F0B5FA10BD79
:10BB5000600300207047000010B51C48006840F0EA
:10BB600001001A4908600846406820F00300486058
:10BB700008460068164908401449086008464068AD
:10BB800014490840114948600846006810490840B7
:10BB90000E4908600846006820F4802008600846C6
:10BBA00040680D490840094948600846006808494E
:10BBB0000840064908604FF41F00886001F0FEFC51
:10BBC00000214FF0006001F0AFFB10BD00100240FB
:10BBD000FFFFF6FE0C00FFE8FFFF00F710B50121A4
:10BBE000880701F010FE01280AD10121800701F029
:10BBF00007FE0448007820F00100401C014908704D
:10BC000010BD00000C00002010B50121044801F017
:10BC1000FAFD012803D10121014801F0F1FD10BD19
:10BC2000000400400448807820F002000249887037
:10BC300000204870704700005810002003488078AA
:10BC400020F00200801C01498870704758100020C5
:10BC50000448807820F00400024988700020487071
:10BC600070470000581000200348807820F004003E
:10BC7000001D014988707047581000201FB54FF40F
:10BC8000E06001F0EDFB4FF0804001F0D1FC6B2053
:10BC9000ADF800000020ADF80200ADF8040040F25D
:10BCA000E73002900020ADF80C008DF80E006946D8
:10BCB0004FF0804001F030FD0121880701F0A0FD28
:10BCC0000121880701F098FD4FF0804001F01EFD32
:10BCD0001FBD000010B500240849094801F085FE89
:10BCE00050B1074801F0E4FDC4B22046FEF76CFAFB
:10BCF0000249034801F06CFE10BD00000503050079
:10BD00000038014010B500240849094801F06DFED3
:10BD100050B1074801F0CCFDC4B22046F9F7E6FA6D
:10BD20000249034801F054FE10BD00000503050060
:10BD30000048004010B54FF48063032218211E48CC
:10BD400001F026F94FF40063032204211A4801F0A0
:10BD50001FF91A4801F0B6FD4FF4E131174801F020
:10BD60005FFD0021154801F07CFE0021134801F021
:10BD700068FE0021114801F054FE00210F4801F037
:10BD800005FE00210D4801F0F9FD04210B4801F0EA
:10BD900050FE0821094801F05CFE40F205310748D9
:10BDA00001F009FE054801F0D5FD032201212720FD
:10BDB00001F05AFA10BD0000000C0140004800409C
:10BDC00010B500F003F8FFF7B5FF10BD10B5402324
:10BDD000032218211D4801F0DBF8802303220421EF
:10BDE0001A4801F0D5F81A4801F06CFD4FF41651CD
:10BDF000174801F015FD0021154801F032FE002121
:10BE0000134801F01EFE0021114801F00AFE002136
:10BE10000F4801F0BBFD00210D4801F0AFFD0421EA
:10BE20000B4801F006FE0821094801F012FE40F21D
:10BE30000531074801F0BFFD054801F08BFD0322E5
:10BE40000121252001F010FA10BD0000000C014076
:10BE50000038014073B50C46009800F5E1400090B1
:10BE60006846F8F76BF90546686900F26C70206067
:10BE7000287C401C2071287B6071287AA071287969
:10BE8000E071287820727CBD00BFFEE710B500206D
:10BE90000649086006480749086001F0C5F900F046
:10BEA000A5F8FAF7CFF9FEF7D7FA10BD0C0000207D
:10BEB000395F00081C0000200448807820F0400012
:10BEC0000249887000204870704700005810002018
:10BED0000348807820F04000403001498870704766
:10BEE0005810002030B58BB02C216846F8F789F93E
:10BEF0000024002512480078C0F3001229466D1C6A
:10BF00000DF8012000BF12E00E4830F814000212B4
:10BF10002846691CCDB20DF800200A4810F81420FC
:10BF20002846691CCDB20DF80020601CC4B20F2C4D
:10BF3000EADB292269460B20FEF7DCFB0BB030BDA3
:10BF400058100020021200202DE9F04100260024A4
:10BF50000125224887882248007810B1012839D16C
:10BF60000CE0FEF7CBFD01F05FF907201B4948709C
:10BF70001B480078401C1A4908702CE0FEF7B4FA00
:10BF80000646012E1ED100240DE01648691C415CB6
:10BF9000405D01EB002081B2134820F81410A81C6A
:10BFA000C5B2601CC4B2BC42EFDB0C48007820F084
:10BFB0001000103009490870002009490870FFF787
:10BFC0007BFF06E0022E04D1002005490870FFF730
:10BFD00073FF00E000BF00BFBDE8F08158100020F3
:10BFE000B2020020540D00200212002010B54FF4C0
:10BFF000E9710C48F8F705F9FF223C210A48F8F7E7
:10C00000F9F8FF224FF4B4710648801DF8F7F2F8F2
:10C01000FF22282104483C30F8F7ECF8F8F762FFDB
:10C0200010BD000058100020C61100202DE9F0417D
:10C0300080460C4615461E4600272046FFF71DFB8E
:10C040002846FFF7FDFA00BF04E0404600F07EF806
:10C05000781CC7B2B742F8DBBDE8F0812DE9F041AA
:10C0600000260024124D00271248FAF765FB00F065
:10C07000ABFE0A2600BF14E02F680E4901EB8400D6
:10C08000394600F0C3FE40F2053000F001FE4FF4E7
:10C09000417000F0FDFD40F2023000F0F9FD2D1D71
:10C0A000641CB442E8D300F003FEBDE8F081000058
:10C0B0008416002000FC00082DE9F0410026002431
:10C0C000124D00271248FAF737FB00F07DFE5C2680
:10C0D00000BF14E02F680E4901EB8400394600F0E0
:10C0E00095FE40F2053000F0D3FD4FF4417000F0B2
:10C0F000CFFD40F2023000F0CBFD2D1D641CB44298
:10C10000E8D300F0D5FDBDE8F08100006003002019
:10C1100000F8000810B504464FF480710A4800F09A
:10C12000E7FE4FF48060084914310860204601F0B2
:10C13000C7F94FF48060044910310860811002484B
:10C1400000F0D8FE10BD00000008014010B5044604
:10C150004FF480710A4800F0CBFE4FF4806008492C
:10C1600010310860204601F0ABF94FF480600449BB
:10C17000103108608110024800F0BCFE10BD0000C4
:10C18000000801400FB4054B10B503A9044A0298FA
:10C1900000F0EEF810BC5DF814FB0000CDCE0008F6
:10C1A0005C0300200FB4084B10B504A902AA039841
:10C1B00000F0DEF8044602A9002000F070FC2046E2
:10C1C00010BC5DF814FB00009FCA000802E008C81C
:10C1D000121F08C1002AFAD170477047002001E001
:10C1E00001C1121F002AFBD1704700002DE9FF5F3B
:10C1F00082B00021DDE90430020DDDF840B00343D8
:10C2000018D044F61050A2F2FF3242431514119890
:10C2100001281FD0A5EB0B00401C5FEA000A4FF07D
:10C2200000064E4FDFF83891B046504615D5CAF19A
:10C23000000413E0119801244AA3012801D16FEAF8
:10C240000B010298119AC0E90031C0E9024206B020
:10C25000BDE8F09FCBF10000DFE704460021404A33
:10C26000491842EB0450CDE9001012E0E00707D076
:10C2700032463B4640464946F8F745F880468946EF
:10C2800032463B4610461946F8F73DF806460F463B
:10C290006410002CEAD1DDE90401DDE90023BAF1E4
:10C2A000000F06DAF8F72FF842464B46F8F72BF85E
:10C2B00005E0F8F79AF842464B46F8F796F8044638
:10C2C0000E460022284BF8F7E3FA03D84FF0FF3070
:10C2D000014607E00022254B20463146F8F719FABF
:10C2E000F8F7BEFA102409E0002C0ADB0A2200232A
:10C2F000F8F74AF9039B30321A55641E50EA0102DE
:10C30000F2D1641C039AC4F111031444119A012A56
:10C3100003D0012208430DD10AE0084304D00020D5
:10C320004FF0110B119072E7A3EB0B056D1E0DE0A2
:10C330005B4504DD4FF0000205F1010504E003DA7E
:10C340004FF00002A5F10105002AECD002981199E6
:10C35000C0E90231C0E9004579E70000000014405F
:10C360000000F03F300000000000F0430000E03F1C
:10C370002DE9FF4F95B09B468946064600250FE202
:10C38000252877D100242746F84A0121059400E0AA
:10C39000044316F8013F203B01FA03F01042F7D1A5
:10C3A00030782A2811D06FF02F033078A0F13002B6
:10C3B000092A16D8059A44F0020402EB820203EB24
:10C3C00042021044761C0590EFE759F8042B0592C1
:10C3D000002A03DA504244F40054059044F0020469
:10C3E000761C30782E2816D116F8010F44F004047C
:10C3F0002A280DD06FF02F023078A0F13003092BDE
:10C4000009D807EB870302EB4303C718761CF3E751
:10C4100059F8047B761C30786C280FD006DC4C2849
:10C4200017D068280DD06A2814D104E0742810D0E1
:10C430007A280FD10DE044F400140AE044F480148B
:10C4400001E044F440147278824202D104F5801471
:10C45000761C761C307866280BD013DC582877D0F1
:10C4600009DC002875D04528F6D04628F4D04728A6
:10C470001AD19DE118E0632835D0642879D0652869
:10C4800012D195E1702873D008DC6728F1D06928B3
:10C490006FD06E280DD06F2806D1B5E073282CD050
:10C4A000752875D0782874D05A46179990476D1C16
:10C4B00075E1C4F30250022809D003280DD0D9F841
:10C4C000001004280DD00D6009F1040967E1D9F8C6
:10C4D0000010EA17C1E90052F6E7D9F800100D8004
:10C4E000F2E70D70F0E719F8041B8DF8001000203A
:10C4F0008DF80100EA46012003E059F804AB4FF043
:10C50000FF3061074FF0000102D40DE008F1010196
:10C510008846B9420FDA8045F8DB1AF8081000297E
:10C52000F4D108E008F1010188468142FADB1AF8EB
:10C5300008100029F6D105985B46A0EB08072146B4
:10C540003846179A00F094FA284400EB080507E0F3
:10C550004DE029E10DE01AF8010B5A461799904772
:10C56000B8F10108F7D25B4621463846179A13E125
:10C5700042E00A220092C4F302524FF0000A022A5B
:10C5800008D059F804CB032A4FEAEC710AD00DE029
:10C5900029E02AE009F1070121F00702F2E802C1CF
:10C5A000914609E00FFA8CFC4FEAEC71042A03D1A2
:10C5B0004FFA8CFC4FEAEC71002907DA0A46002199
:10C5C000DCF1000C61EB02012D2202E0220504D512
:10C5D0002B228DF80420012203E0E20701D0202263
:10C5E000F7E7904659E00A2102E010220DE0102101
:10C5F0004FF0000A00910BE010224FF0000A44F0C7
:10C6000004040827009203E008224FF0000A009279
:10C61000C4F30252022A05D059F804CB0021032AA0
:10C6200008D009E009F1070121F00702F2E802C190
:10C63000914605E01FFA8CFC042A01D10CF0FF0C96
:10C640004FF00008220728D5702806D0009B83F001
:10C65000100353EA0A0305D00EE040228DF80420AF
:10C66000012208E05CEA010206D030228DF80420A5
:10C670008DF8050002229046009B83F0080353EAE0
:10C680000A030AD15CEA010201D1620705D5302212
:10C690008DF804204FF001087F1E582804D034A0E4
:10C6A00003900EA802900DE036A0F9E753466046CD
:10C6B000009AF7F769FF84460398825C0298401E4F
:10C6C000029002705CEA0100F0D1029806A9081AF3
:10C6D00000F1200A600702D524F4803400E001272D
:10C6E000574502DDA7EB0A0000E0002000EB0A013D
:10C6F000009005984144401A0590E00306D45B463B
:10C700002146179A059800F0B3F90544002706E082
:10C7100001A85A46C05D179990476D1C7F1C47457C
:10C72000F6DBE0030CD55B462146179A059800F02E
:10C730009FF9054404E030205A46179990476D1C34
:10C740000099481E00900029F5DC08E00298029943
:10C750005A460078491C0291179990476D1CBAF10E
:10C760000001AAF1010AF1DC65E1000009280100DD
:10C770003031323334353637383961626364656657
:10C780000000000030313233343536373839414219
:10C79000434445460000000000F058F90544761C6B
:10C7A000307800287FF4ECAD19B02846BDE8F08F52
:10C7B000620700D4062709F1070222F0070CFCE803
:10C7C0000223E14603F000485FEA080C02D00FF2B2
:10C7D000702C0DE05FEA045C02D50FF2682C07E0D4
:10C7E0005FEAC47C02D00FF2602C01E0AFF2700C63
:10C7F0004FF0FF3823F00043CDF850C065280CD02F
:10C8000006DC452809D046281DD047283DD13DE00B
:10C81000662818D067287ED138E00021112F01DB6F
:10C82000112000E0781CCDE9000106A90EA8FFF751
:10C83000DDFCDDE90F010E9A03910021009207F162
:10C84000010A04914DE04FF000400097CDE901103E
:10C8500006A90EA8FFF7CAFCDDE90F0203920E9BA2
:10C8600011990022DDF80CA00093049211B9791CF3
:10C8700000EB010AB7EB0A0004D4C0F1FF3007F166
:10C88000010A0490AAEB0700019044E0012F00DAAE
:10C8900001270021112F01DD112000E03846CDE9EC
:10C8A000000106A90EA8FFF7A1FCDDE90F010E9A11
:10C8B0000391002104910092BA4621070CD40399F8
:10C8C000514500DA8A46BAF1010F05DD009AAAF156
:10C8D0000101515C302908D0B84202DA10F1040F8E
:10C8E00006DA0121CDE9011015E0AAF10101E9E71D
:10C8F000002805DC049901440491AAEB000102E040
:10C90000411C514500DD8A460499401A401C0190A3
:10C910004FF000400290200704D40198504501DBFD
:10C92000CDF8048000208DF84F0002980DF14F07DC
:10C93000B0F1004F25D02B200E9002984FF0020846
:10C9400000280CDA404202902D200E9007E00A21C8
:10C950000298F7F703FE3031029007F8011DB8F195
:10C960000001A8F10108F2DC02980028EFD1791E3D
:10C970000E980870307800F0200040F0450007F86D
:10C98000020D12A8C01B00F107081498007800B12E
:10C99000012000EB0A01019801EBE0710598414488
:10C9A000401A401E0590E00306D45B462146179AC4
:10C9B000059800F05DF805441498007818B15A46BF
:10C9C000179990476D1CE00324D55B462146179AC2
:10C9D000059800F04DF805441CE00498002807DB9A
:10C9E000DDE90301884203DD0098405C179901E00E
:10C9F000179930205A469047049805F10105401CCC
:10CA000004900198401E019004D12E205A46179997
:10CA100090476D1CBAF10001AAF1010ADDDC05E0C6
:10CA200017F8010B5A46179990476D1CB8F1000191
:10CA3000A8F10108F4DC5B462146179A0598ABE69D
:10CA40002D0000002B000000200000002DE9F04127
:10CA5000044600251E461746880404D405E03946DE
:10CA60002020B0476D1C641EF9D52846BDE8F08132
:10CA70002DE9F041044600251E469046C80301D525
:10CA8000302700E02027880404D505E041463846D9
:10CA9000B0476D1C641EF9D52846BDE8F0810A68D0
:10CAA000531C0B60107070472DE9F0410546284675
:10CAB000F7F70AFD0746134801683846F7F7B3FB56
:10CAC0000646F7F724FD4FF0E02148610020886119
:10CAD0000120086100BF4FF0E020046904F001006C
:10CAE00018B104F480300028F5D04FF0E020006940
:10CAF00020F001004FF0E021086100208861BDE8CE
:10CB0000F08100000800002010B52D4B1B68834306
:10CB10002B4C2360231D1B688343241D2360231D8E
:10CB20001B688343241D2360231D1B688343241D2E
:10CB3000236011B101290ED105E0214B1B6803438D
:10CB40001F4C236008E01E4B1B1D1B6803431C4C3D
:10CB5000241D236000E000BF00BF32B1012A11D0C4
:10CB6000022A1CD0032A27D127E0154B08331B6863
:10CB70000343134C08342360231D1B688343241D87
:10CB800023601BE00E4B08331B6883430C4C0834B6
:10CB90002360231D1B680343241D23600EE0084B04
:10CBA00008331B680343064C08342360231D1B68AD
:10CBB0000343241D236001E000BF00BF00BF10BD80
:10CBC000000401400149086070470000140401405E
:10CBD000014604480068084008B101207047002061
:10CBE000FCE700001404014000B50346012200BF29
:10CBF00000F00CF802465B1E012A01D1002BF7D190
:10CC0000012A00D10422104600BD000000200A497C
:10CC1000C96801F0010109B101200CE00649C968A9
:10CC200001F0100109B1032005E00349C96801F0D2
:10CC3000040101B1022070470020024000B5034604
:10CC4000012200BF00F00CF802465B1E012A01D150
:10CC5000002BF7D1012A00D10422104600BD0000AC
:10CC600000200A49C96C01F0010109B101200CE062
:10CC70000649C96C01F0100109B1032005E0034920
:10CC8000C96C01F0040101B102207047002002408C
:10CC9000064A02EB9011096800F01F0301229A4036
:10CCA0001143024B03EB90121160704700200240C9
:10CCB0000848006940F0800006490861064800887D
:10CCC000B0F5007F04D90846006D40F0800008658B
:10CCD0007047000000200240E0F7FF1F30B5054616
:10CCE00036480088B0F5007F48D9354885421ED2C5
:10CCF0004FF47020FFF778FF0446002C5BD13148D9
:10CD0000006940F002002F4908610846456100694A
:10CD100040F0400008614FF47020FFF765FF0446C3
:10CD20002848006920F002002649086143E04FF4DA
:10CD30007020FFF783FF0446002C3CD12148006D92
:10CD400040F002001F49086508464565C06900F0CB
:10CD5000020008B1084645611A48006D40F04000E5
:10CD6000184908654FF47020FFF768FF044615481E
:10CD7000006D20F00200134908651CE04FF470209C
:10CD8000FFF732FF0446B4B90E48006940F00200D4
:10CD90000C49086108464561006940F0400008619F
:10CDA0004FF47020FFF720FF04460648006920F08A
:10CDB000020004490861204630BD0000E0F7FF1F73
:10CDC000FFFF0708002002400C48006900F08000C7
:10CDD00020B10B48094948600A4848600A48008861
:10CDE000B0F5007F09D90548006D00F0800020B142
:10CDF00003480249486403484864704700200240E1
:10CE000023016745AB89EFCDE0F7FF1F70B50446FE
:10CE10000D4600262A480088B0F5007F35D92948FC
:10CE2000844219D24FF47020FFF7DEFE0646002E32
:10CE300043D12548006940F001002349086125607D
:10CE40004FF47020FFF7D0FE06461F48006920F01F
:10CE500001001D49086130E04FF47020FFF7EEFE3D
:10CE6000064656BB1848006D40F00100164908659B
:10CE700025604FF47020FFF7E1FE06461248006D72
:10CE800020F001001049086517E04FF47020FFF70B
:10CE9000ABFE06468EB90C48006940F001000A4915
:10CEA000086125604FF47020FFF79EFE0646064895
:10CEB000006920F0010004490861304670BD00009F
:10CEC000E0F7FF1FFFFF07080020024070B504468F
:10CED0000D46E1B2054800F0F0FC00BF0721034811
:10CEE00000F03DFD0028F9D0204670BD004800400C
:10CEF000416170470161704710B500228B071C0F1C
:10CF00000F2303FA04F204290EDA204B9B689343A3
:10CF10001E4CA36023469B688C07240F00FA04F480
:10CF200023431A4CA3602FE008290EDA174BDB6865
:10CF30009343164CE3602346DB688C07240F00FA0A
:10CF400004F42343114CE3601EE00C290EDA0F4B6E
:10CF50001B6993430D4C236123461B698C07240FE7
:10CF600000FA04F42343094C23610DE0074B5B698D
:10CF70009343064C636123465B698C07240F00FAD8
:10CF800004F42343014C636110BD00000000014024
:10CF9000F0B5044616460025002201F00F0501F009
:10CFA000100707B1354300201EE0012787401F40CE
:10CFB000C7B122684FEA800C0F2707FA0CF7BA4373
:10CFC000870005FA07F73A43282904D1012787404B
:10CFD0001F40676105E0482903D1012787401F40B2
:10CFE00027612260471CB8B20828DED3082022E05F
:10CFF000012787401F40E7B16268A0F108074FEAA8
:10D00000870C0F2707FA0CF7BA43A0F10807BF00F7
:10D0100005FA07F73A43282904D1012787401F4022
:10D02000676105E0482903D1012787401F40276138
:10D030006260471CB8B21028DAD3F0BD024690688F
:10D04000084008B1012070470020FCE7F0B50A460F
:10D05000002300240021002500F00046B6F1004F17
:10D0600002D11D4EF16901E01B4E7168C0F303450A
:10D0700083B200F44016B6F5401F08D121F070616C
:10D08000154E766826F07066134F7E6012E000F44D
:10D090008016B6F5801F06D1032606FA05F4A143D3
:10D0A00041F0706106E0460D360103FA06F6B14321
:10D0B00041F0706122B1460D360103FA06F63143A4
:10D0C00000F00046B6F1004F02D1034EF16101E0DD
:10D0D000014E7160F0BD000000000140FCF742FC11
:10D0E00013E00A48007800F0010070B107480078AA
:10D0F00020F0010005490870F7F7A0FE0448006819
:10D100008047FCF735F9F9F7ABF8EAE70C000020A7
:10D110001C00002010B504463F480078052877D24F
:10D12000DFE800F0031A2E546800A12C13D101206F
:10D1300039490870084684700020A1F80402374974
:10D14000088037490870084601780078401C344A46
:10D150001070344844545CE0032C0DD102202E4959
:10D1600008700846C4702E4801780078401C2C4A8C
:10D1700010702C48445402E000202749087048E011
:10D180002548B0F8040210B9244804800AE0234876
:10D190000088401E214908800846008810B90320F5
:10D1A0001D4908701C48B0F80412B0F80402401C75
:10D1B000194AA2F80402101D445419480178007855
:10D1C000401C174A10701748445422E01448017854
:10D1D0001448FCF7DFFF1049A1F80602084690F852
:10D1E0000602A04202D10420087002E000200A4991
:10D1F00008700EE00848B0F80602B4EB202F02D108
:10D2000001200549487000200349087001E0FFE74C
:10D2100000BF00BF10BD0000500D00209202002092
:10D2200090020020580F002010B500200749087018
:10D2300048708870C8704FF400710448001DF6F7FC
:10D24000E0FF00200149A1F8060210BD500D0020AA
:10D2500010B54FF4C06000F05DF8012211461C20AB
:10D2600000F002F810BD00002DE9F04103460D4624
:10D27000164600240027A0462448006800F4E06019
:10D28000B0F5A06F15D006DCB0F5407F18D0B0F532
:10D29000806F19D110E0B0F5C06F06D0B0F5E06F27
:10D2A00012D100274FF0040815E001274FF00308C2
:10D2B00011E00227B8460EE003274FF001080AE00C
:10D2C00004274FF0000806E04FF4A06000F022F8B9
:10D2D0000227B84600BF00BFC7F1040005FA00F4FA
:10D2E000C8F104010F20C84030400443240108481D
:10D2F000C45403F01F01012088405911890001F135
:10D30000E021C1F80001BDE8F08100000CED00E073
:10D3100000E400E002490143024A11607047000046
:10D320000000FA050CED00E0024A0A400243024BFD
:10D330001A60704780FFFF1F08ED00E02DE9F04FF5
:10D340008BB00746002009903EA090E8004CC068D2
:10D35000CDE905BECDF810A007900FF2EC0ADAE98E
:10D36000000ACDE9020A0FF2E00ADAE9000ACDE983
:10D37000000A38484068C0F381000A900A9820B13A
:10D38000012804D0022829D103E0334928E032499A
:10D3900026E03048406800F48038B8F5803F09D175
:10D3A0002D4C2C48406800F40039B9F5003F02D1FB
:10D3B000641000E0294C27484068C0F383422548A8
:10D3C000406800F0006008B142F010020F2A01D25C
:10D3D000921C00E0521C04FB02F101E01E4900BF58
:10D3E00000BF1C484068C0F3031504A8465D21FA3D
:10D3F00006F318484068C0F3022502A8465D23FAE8
:10D4000006FC14484068C0F3C2251DF8056023FAE5
:10D4100006F0089037B1012F06D0022F06D0032F57
:10D420000AD106E0099108E0099306E0CDF824C08E
:10D4300003E00898099000E000BF00BF09980BB016
:10D44000BDE8F08F000000000000000001020304AE
:10D45000060708090010024000127A0000093D008A
:10D46000064A02EB9011096800F01F0301229A405E
:10D470001143024B03EB9012116070470010024001
:10D48000064A02EB9011096800F01F0301229A403E
:10D490009143024B03EB9012116070470010024061
:10D4A000064A02EB9011096800F01F0301229A401E
:10D4B0001143024B03EB90121160704700100240C1
:10D4C000002100BF13E020220A4B1A60C2091AB1E2
:10D4D00080221B1F1A6002E08022064B1A6042065F
:10D4E000100E2022034B1B1F1A604A1CD1B20829C0
:10D4F000E9DB704714080140002000212C4A126823
:10D5000042F480322A4B1A6000BF401C284A12683D
:10D5100002F4003119B94FF6FF729042F5D1244A56
:10D52000126802F400320AB900BFFEE7204A5268CE
:10D530001F4B5A601A4652685A601A46526842F4A3
:10D5400080625A601A46526822F440325A601A4683
:10D55000526842F440325A601A465268154B1A40DB
:10D56000134B5A601A465268134B1A43104B5A60B9
:10D570001A46126842F080721A6000BF0C4A1268A4
:10D5800002F00072002AF9D0094A526822F0030220
:10D59000074B5A601A46526842F002025A6000BFB6
:10D5A000034A526802F00802002AF9D070470000CE
:10D5B00000100240FFFFC3F70000280810B5FFF776
:10D5C0009BFF10BD042808D14FF0E021096941F00C
:10D5D00004014FF0E022116107E04FF0E0210969FA
:10D5E00021F004014FF0E0221161704710B56FF097
:10D5F0000400FFF7E7FF09480068F6F765FF0446F7
:10D600000749F6F742FE07490860074905480068E0
:10D61000F6F709FE0549086010BD00000000002073
:10D620000024F44A0400002000007A44080000208E
:10D6300010B504463349601A8C4244D00CDCB4F176
:10D64000804F1CD03048204410B3B0F5806F28D0F4
:10D65000B0F5006F52D12DE0B0F5806F3CD0B0F541
:10D660008E3F03D0B0F5923F48D13EE040F20B3000
:10D67000FFF716FF40F20B30FFF702FF3FE04FF4D9
:10D680008060FFF70DFF4FF48060FFF7F9FE36E092
:10D6900040F20140FFF704FF40F20140FFF7F0FEC7
:10D6A0002DE040F20240FFF7FBFE40F20240FFF7A0
:10D6B000E7FE24E040F20340FFF7F2FE40F20340B1
:10D6C000FFF7DEFE1BE040F20440FFF7E9FE40F208
:10D6D0000440FFF7D5FE12E040F20540FFF7E0FE00
:10D6E00040F20540FFF7CCFE09E040F20D30FFF7B5
:10D6F000D7FE40F20D30FFF7C3FE00E000BF00BFD1
:10D7000010BD00000010004000FCFFBF016841F0A8
:10D7100001010160704700000A888262294A904234
:10D7200020D0B0F1804F1DD0274A90421AD0274A0E
:10D73000904217D0264A904214D0264A904211D0E7
:10D74000254A90420ED0254A90420BD0244A90425E
:10D7500008D0244A904205D0234A904202D0234A5E
:10D7600090420FD1026822F07002026002688B784A
:10D7700003F060031A43026002680B7903F01003A0
:10D780001A4302608A68C262194A90420CD0194A50
:10D79000904209D0026822F44072026002688B89CC
:10D7A00003F440731A430260064A904202D0094AC9
:10D7B000904201D18A7B0263426942F001024261D8
:10D7C00070470000002C01400004004000080040A9
:10D7D000000C004000340140004C0140005001406A
:10D7E0000054014000180040001C00400020004090
:10D7F0000010004000140040C2680A43C260704735
:10D80000CA43026170470246D06800EA010310690A
:10D81000084010B10BB1012070470020FCE7000068
:10D820002DE9F04704460D460027B846B9460026C4
:10D830001D49601A8C421CD006DC1C48204470B183
:10D84000B0F5806F1FD10FE0B0F5806F16D0B0F546
:10D850006C4F18D10320FFF771FD074614E002203A
:10D86000FFF76CFD07460FE00220FFF767FD074654
:10D870000AE00220FFF762FD074605E00220FFF7FD
:10D880005DFD074600E000BF00BF07EB5500B0FBA1
:10D89000F5F64FF6F07006EA000806F00F0948EAC0
:10D8A0000900A060BDE8F087004C004000BCFFBF4D
:10D8B00001464868C0F308007047C1F3080242609F
:10D8C0007047000010B504462049601A8C4228D0E9
:10D8D00006DC1F48204490B1B0F5806F33D117E0CB
:10D8E000B0F5806F26D0B0F56C4F2CD140F20E30E1
:10D8F000FFF7D6FD40F20E30FFF7C2FD24E040F204
:10D900001140FFF7CDFD40F21140FFF7B9FD1BE0DC
:10D9100040F21240FFF7C4FD40F21240FFF7B0FDA5
:10D9200012E040F21340FFF7BBFD40F21340FFF757
:10D93000A7FD09E040F21440FFF7B2FD40F21440A9
:10D94000FFF79EFD00E000BF00BF10BD004C00408F
:10D9500000BCFFBFC16841F40051C160704710B501
:10D96000024602EB9110006801F01F040123A3405E
:10D97000184008B1012010BD0020FCE70A46002134
:10D98000416921F400711143416170470A46002149
:10D99000416921F4807111434161704710B5C1F3B1
:10D9A0008912825801F01F040123A3409A43C1F356
:10D9B0008913C25010BD10B5C1F38912825801F00D
:10D9C0001F040123A3401A43C1F38913C25010BDA1
:10D9D00010B500EB91521268C1F304440123A34037
:10D9E0009A4300EB91531A6010BD70B502460023B4
:10D9F0000024C1F38910105801F01F060125B5401D
:10DA000000EA050302EB91500068C1F304460125CA
:10DA1000B54000EA050414B10BB1012070BD00202F
:10DA2000FCE7C26822F4C062C260C2680A43C260F6
:10DA300070470A460021C16821F004011143C1600A
:10DA40007047026922F44052026102690A4302618E
:10DA500070470A460021C16821F008011143C160E6
:10DA60007047C26822F48052C260C2680A43C26032
:10DA7000704700080808080809FA08080808080894
:10DA80000000404041414141417F414141414140CD
:10DA90004000040444C44F4444C424242FB4240448
:10DAA000040040442424150C04FE040C15242444D2
:10DAB00040000000F8494A4C48F8484C4A49F800F0
:10DAC000000010101312121212FF12121212131071
:10DAD0001000001010F8000000000000000000001E
:10DAE00000000020203F2020000000303000000017
:10DAF000000090523410FF10345280708F0808F8E4
:10DB00000800829A566322528E008040330C3340C4
:10DB100080001010FF109000FE929292F292929E5E
:10DB2000800042827F0180601F00FC44474444FC27
:10DB30000000000000FE92929292929292FE0000EB
:10DB4000000040424458407F4040407F405048469B
:10DB5000400040404242424242C24242424242406F
:10DB60004000201008060040807F000000020408EA
:10DB700030000070080808887000000000000000F5
:10DB80000000003028242221300000303000000046
:10DB900000000000FE0242424242FA42424242C2B9
:10DBA000020080601F804020180601004080403F36
:10DBB00000000000F888888888FF88888888F80036
:10DBC0000000808081444830102F204040408180F8
:10DBD000800090523410FF10345280708F0808F883
:10DBE0000800829A566322528E008040330C3340E4
:10DBF00080001010FF109000FE929292F292929E7E
:10DC0000800042827F0180601F00FC44474444FC46
:10DC10000000003008888848300000000000000044
:10DC200000000018202020110E00003030000000FD
:10DC3000000000007E92929292929292929E80E0D8
:10DC40000000088848281E0808080808FE08080878
:10DC50000800201808EAACA8A8AFA8A8ACEA0828D1
:10DC6000180000003E02020202FF020212221E0001
:10DC7000000090523410FF10345280708F0808F862
:10DC80000800829A566322528E008040330C334043
:10DC900080001010FF109000FE929292F292929EDD
:10DCA000800042827F0180601F00FC44474444FCA6
:10DCB0000000303132333435363738396D733A2F0E
:10DCC0005C2E252A2829204D564A432D494544419A
:10DCD000424647484B4C4E4F50515253545557585B
:10DCE000595A0000E010080810E000000F10202032
:10DCF000100F00001010F8000000000020203F204E
:10DD000020000000700808088870000030282422D5
:10DD1000213000003008888848300000182020207A
:10DD2000110E000000C02010F80000000704242499
:10DD30003F240000F80888880808000019212020E6
:10DD4000110E0000E0108888180000000F1120203C
:10DD5000110E0000380808C83808000000003F0015
:10DD60000000000070880808887000001C22212133
:10DD7000221C0000E010080810E000000031222200
:10DD8000110F008080808080808000203F20003F35
:10DD900020003F0000808080808000003324242405
:10DDA000241900000000C0C0000000000000303056
:10DDB00000000000000000806018040060180601E8
:10DDC000000000000C30C000000000000000010650
:10DDD00038C00000000000000000000030300000EB
:10DDE000000000F008F000E018000000211C031EF5
:10DDF000211E00404080F0804040000202010F01DF
:10DE0000020200000000E0180402000000000718F1
:10DE100020400000020418E0000000004020180725
:10DE200000000000000000000000000000000000F2
:10DE300000000008F8F800F8F80800203F003F0054
:10DE40003F20000878880000C83808000007380E16
:10DE500001000000000808F8080800C08080807FEA
:10DE6000000000C0300808080838000718202020EB
:10DE70001008000000000000000000000101010186
:10DE8000010101000808F8080800000020203F20D8
:10DE900020000008F88888E8081000203F20202390
:10DEA00020180008F808080810E000203F20202073
:10DEB000100F000000C038E0000000203C230202E8
:10DEC00027382008F8888888700000203F2020200C
:10DED000110E0008F88888E8081000203F20000391
:10DEE000000000C030080808380000071820202271
:10DEF0001E020008F808000008F808203F21010170
:10DF0000213F2008F888C028180800203F2001265B
:10DF100038200008F8080000000000203F202020E2
:10DF200020300008F830C00008F808203F20000723
:10DF3000183F00E01008080810E0000F1020202013
:10DF4000100F0008F808080808F000203F21010120
:10DF5000010000E01008080810E0000F1028283029
:10DF6000504F0008F8888888887000203F20000300
:10DF70000C30200070880808083800003820212163
:10DF8000221C00180808F8080818000000203F208C
:10DF900000000008F808000008F808001F202020F2
:10DFA000201F0008F800F800F8080000033E013EBA
:10DFB000030000081868808068180820302C0303CC
:10DFC0002C30200838C800C83808000000203F2046
:10DFD00000000010080808C8380800203826212052
:10DFE0002018001010D0FF901000FE020202FE0068
:10DFF000000000040300FF0083601F0000003F409A
:10E000004078001010D0FF900010D010D010FF10FA
:10E01000921400040300FF0041310F01BF41273873
:10E0200047F000403C10FF1010404848487F48C867
:10E03000484000020602FF010100020A1242827FEC
:10E0400002020000E000FF1020403C1010FF101002
:10E05000100000010000FF0000404242427F4242A7
:10E06000424000060909E6F80C040202020202041A
:10E070001E0000000000071F3020404040404020AC
:10E080001000004040202050484443444850202085
:10E09000404000000000FE42424242424242FE0036
:10E0A00000000000F80102F09292F29292F2020255
:10E0B000FE000000FF00000F04047F04040F4080F6
:10E0C0007F0000804020908886808080838C102094
:10E0D000408000008040201807004080403F000042
:10E0E00000000000F80102F09292F29292F2020215
:10E0F000FE000000FF00000F04047F04040F4080B6
:10E100007F000000F808080808887F8808080808C9
:10E11000F8000000FF0008040201000001024C802A
:10E120007F000040445465464464544440FE02224B
:10E13000DA060000007E222222227E0000FF081064
:10E140000807001060028C0000FE9292929292FEEC
:10E1500000000004047E01407E42427E427E424234
:10E160007E40000000FC242424FC252624FC2424DA
:10E1700024040040308F80844C55252525554C8043
:10E180008080001060028C0000FE9292929292FEBB
:10E1900000000004047E01407E42427E427E4242F4
:10E1A0007E40001060028C00FE929292929292FE4B
:10E1B00000000004047E014448507F40407F5048E6
:10E1C0004440000000FC242424FC252624FC2424B4
:10E1D00024040040308F80844C55252525554C80E3
:10E1E000808000000000F8888C8A89888888F80080
:10E1F000000000000000FF44444444444444FF0045
:10E200000000001010D0FF905020504C434C502084
:10E21000404000040300FF00414458414E6058470D
:10E220004040000000F010101010FF10101010F00F
:10E2300000000000000F04040404FF040404040FA1
:10E2400000000000F88888888888880000000000A6
:10E25000000000888888888888888800000000007E
:10E26000000000888888888888888800000000006E
:10E27000000000888888888888888800000000005E
:10E28000000000888888888888888800000000004E
:10E29000000000888888888888888800000000003E
:10E2A000000000888888888888888800000000002E
:10E2B000000000888888888888888800000000001E
:10E2C000000000888888888888888800000000000E
:10E2D00000000088888888888888880000000000FE
:10E2E00000000088888888888888880000000000EE
:10E2F00000000088888888888888880000000000DE
:10E30000000000888888888888F8000000000000E5
:10E3100000000010EC27F42CE000F80808FF0808C3
:10E32000F80000807F093F89FF206321213F2129D8
:10E330003360000000106004180000FF00000000BF
:10E3400000000081814141211109070105091121C6
:10E35000C101001060028C0000FE9292929292FE27
:10E3600000000004047E01407E42427E427E424222
:10E370007E40000000FC242424FC252624FC2424C8
:10E3800024040040308F80844C55252525554C8031
:10E3900080800000080828480808FF080848280866
:10E3A0000800008181414121110D030D11214141DE
:10E3B0008181000000FE1292929292929292929229
:10E3C0009E000080601F0444E4544C444444546460
:10E3D000C404001060028C00FE929292929292FE0F
:10E3E00000000004047E014448507F40407F5048B4
:10E3F0004440000000FC242424FC252624FC242482
:10E4000024040040308F80844C55252525554C80B0
:10E410008080000000000080601806186080000006
:10E42000000000002018060100000000000106188E
:10E4300020000000041860800000000000806018C8
:10E44000040000000000000106186018060100002A
:10E450000000000040424242C27E42C2424242406C
:10E46000400000804020100C0300003F404040402E
:10E4700070000000080808080809FA0808080808D9
:10E48000080000404041414141417F4141414141FB
:10E490004040001010D0FF901000FC24E424222300
:10E4A000E20000040300FF0083601F80412618265D
:10E4B0004180004042CC0000E2222A2AF22A262291
:10E4C000E0000080403F4080FF898989BF89A9C959
:10E4D000BF8000008060F80700042424252624243F
:10E4E000240400010000FF000000F949494949499E
:10E4F000F9000000007E92929292929292929E80F7
:10E50000E00000088848281E0808080808FE0808D7
:10E51000080800201808EAACA8A8AFA8A8ACEA0828
:10E5200028180000003E02020202FF020212221E10
:10E530000000002030AC631000FE485040FF405007
:10E540004800002267221212007F4442417F41426C
:10E550004440002030AC6320182024A4243FA4248D
:10E56000A46000226722121212888A4C29180F1800
:10E5700028C8001F1D1F1E1F1E1F1F1E1F1E1F003D
:10E58000A0E50008000000206003000046490008E4
:10E5900018E800086003002078330000DCC10008A0
:10E5A000D500F36F06061E56312E3035B201D40168
:10E5B0000001E40100010335010120EFC1C081C168
:10E5C000400101C3C003800241C201C6C0068007EA
:10E5D00041C70005C1C581C4400401CCC00C800DF9
:10E5E00041CD000FC1CF81CE400E000AC1CA81CB00
:10E5F000400B01C9C009800841C801D8C018801962
:10E6000041D9001BC1DB81DA401A001EC1DE81DF67
:10E61000401F01DDC01D801C41DC0014C1D481D528
:10E62000401501D7C017801641D601D2C012801301
:10E6300041D30011C1D181D0401001F0C0308031F0
:10E6400041F10033C1F381F240320036C1F681F767
:10E65000403701F5C035803441F4003CC1FC81FDF8
:10E66000403D01FFC03F803E41FE01FAC03A803B81
:10E6700041FB0039C1F981F840380028C1E881E93F
:10E68000402901EBC02B802A41EA01EEC02E802FE9
:10E6900041EF002DC1ED81EC402C01E4C024802528
:10E6A00041E50027C1E781E6402620F022C1E28152
:10E6B000E3402301E1C021802041E001A0C060804F
:10E6C0006141A10063C1A381A240620066C1A6812D
:10E6D000A7406701A5C065806441A4006CC1AC81FE
:10E6E000AD406D01AFC06F806E41AE01AAC06A80BF
:10E6F0006B41AB0069C1A981A840680078C1B881AD
:10E70000B9407901BBC07B807A41BA01BEC07E802E
:10E710007F41BF007DC1BD81BC407C01B4C074801D
:10E720007541B50077C1B781B640760072C1B2813C
:10E73000B3407301B1C071807041B00050C190818D
:10E740009140510193C053805241920196C056802E
:10E750005741970055C19581944054019CC05C80FD
:10E760005D419D005FC19F819E405E005AC19A81BC
:10E770009B405B0199C059805841980188C04880EE
:10E78000494189004BC18B818A404A004EC18E812C
:10E790008F404F018DC04D804C418C502044C1842E
:10E7A000818540450187C047804641860182C0423D
:10E7B000804341830041C181818040402FBDA90039
:10E7C0000825AA000849AA000801AA061D086DAA82
:10E7D00000084201467D9300080246F990000803B4
:10E7E000460584000804465D9100080546698400DA
:10E7F00008064661AE0008074671AC0008084615D9
:10E80000AE00080946DDAA00080A465DAB00080B09
:08E810000545E5BE000800000B
:0400000508004105A9
:00000001FF
